SysID	ItemNo	PartNo	PartName	IDCust	Image	IDProject	PackingType	PartTypeID	StdPack	FGLocation	QtyPerCar	SupplierID	CreateBy	IsActive	IsDelete	NameType	INSERT INTO BOM1 (SysID, ItemNo, PartNo, PartName, IDCust, Image, IDProject, PackingType, PartTypeID, StdPack, FGLocation, QtyPerCar, SupplierID, CreateBy, IsActive, IsDelete, NameType) VALUES 
SAI1700089	14	8982594670	CLOSING FRT PLR UPR LH	708	NULL	10011		FG3	0		1	0	50509	1	0	NULL	('SAI1700089','14','8982594670','CLOSING FRT PLR UPR LH','708',NULL,'10011','','FG3','0','','1','0','50509','1','0',NULL),
SAI1700104	7	61130-73R00-000	BRACKET COMP,FR SEAT RR OUT,R	95	NULL	3		FG3	0		1	0	50509	1	1	NULL	('SAI1700104','7','61130-73R00-000','BRACKET COMP,FR SEAT RR OUT,R','95',NULL,'3','','FG3','0','','1','0','50509','1','1',NULL),
SAI1700113	2	58650-68P10-000	CROSSMEMBER COMP,DASH UPPER,R	95	NULL	10010		FG3	0		1	0	50509	1	0	NULL	('SAI1700113','2','58650-68P10-000','CROSSMEMBER COMP,DASH UPPER,R','95',NULL,'10010','','FG3','0','','1','0','50509','1','0',NULL),
SAI1700121	10	61531-73R00-000	REINF,RR SEAT RAIL FR CTR	95	NULL	10010		FG3	0		1	0	50509	1	0	NULL	('SAI1700121','10','61531-73R00-000','REINF,RR SEAT RAIL FR CTR','95',NULL,'10010','','FG3','0','','1','0','50509','1','0',NULL),
SAI1700122	11	61532-73R00	PATCH RR SEAT RAIL FR CTR	95	NULL	10010		FG3	0		1	0	50509	1	0	NULL	('SAI1700122','11','61532-73R00','PATCH RR SEAT RAIL FR CTR','95',NULL,'10010','','FG3','0','','1','0','50509','1','0',NULL),
SAI1700135	24	68131-73R00	REINF FR DOOR OUTER CTR R	95	NULL	10010		FG3	0		1	0	50509	1	0	NULL	('SAI1700135','24','68131-73R00','REINF FR DOOR OUTER CTR R','95',NULL,'10010','','FG3','0','','1','0','50509','1','0',NULL),
SAI1700153	42	86180-74P60	REINF COMP, LIFTER, R	95	NULL	10010		FG3	0		1	0	50509	1	0	NULL	('SAI1700153','42','86180-74P60','REINF COMP, LIFTER, R','95',NULL,'10010','','FG3','0','','1','0','50509','1','0',NULL),
SAI1700154	43	86680-74P60	REINF COMP, LIFTER, L	95	NULL	10010		FG3	0		1	0	50509	1	0	NULL	('SAI1700154','43','86680-74P60','REINF COMP, LIFTER, L','95',NULL,'10010','','FG3','0','','1','0','50509','1','0',NULL),
SAI1700157	46	88111-73RA0	BRACKET, 3RD STAY INSIDE R	95	NULL	10010		FG3	0		1	0	50509	1	0	NULL	('SAI1700157','46','88111-73RA0','BRACKET, 3RD STAY INSIDE R','95',NULL,'10010','','FG3','0','','1','0','50509','1','0',NULL),
SAI1700159	48	88611-73RA0	BRACKET, 3RD STAY INSIDE L	95	NULL	10010		FG3	0		1	0	50509	1	0	NULL	('SAI1700159','48','88611-73RA0','BRACKET, 3RD STAY INSIDE L','95',NULL,'10010','','FG3','0','','1','0','50509','1','0',NULL),
SAI1700160	49	87318-73R00	BRACKET, RR RCLNG STOPPER	95	NULL	10010		FG3	0		0	0	50509	1	0	NULL	('SAI1700160','49','87318-73R00','BRACKET, RR RCLNG STOPPER','95',NULL,'10010','','FG3','0','','0','0','50509','1','0',NULL),
SAI1700161	50	87263-73R00	HOOK, SPRING RR,R	95	NULL	10010		FG3	0		0	0	50509	1	0	NULL	('SAI1700161','50','87263-73R00','HOOK, SPRING RR,R','95',NULL,'10010','','FG3','0','','0','0','50509','1','0',NULL),
SAI1700162	51	87323-73RJ0	BRACKET, RR CENTER ELR	95	NULL	10010		FG3	0		0	0	50509	1	0	NULL	('SAI1700162','51','87323-73RJ0','BRACKET, RR CENTER ELR','95',NULL,'10010','','FG3','0','','0','0','50509','1','0',NULL),
SAI1700164	53	87133-73R00	HOOK, SPRING FR,R	95	NULL	10010		FG3	0		0	0	50509	1	0	NULL	('SAI1700164','53','87133-73R00','HOOK, SPRING FR,R','95',NULL,'10010','','FG3','0','','0','0','50509','1','0',NULL),
SAI1700165	54	87266-73R00	HOOK, SPRING FR,L	95	NULL	10010		FG3	0		0	0	50509	1	0	NULL	('SAI1700165','54','87266-73R00','HOOK, SPRING FR,L','95',NULL,'10010','','FG3','0','','0','0','50509','1','0',NULL),
SAI1700171	60	88152-73RA0	LINK, 3RD CUSH LEG	95	NULL	10010		FG3	0		0	0	50509	1	0	NULL	('SAI1700171','60','88152-73RA0','LINK, 3RD CUSH LEG','95',NULL,'10010','','FG3','0','','0','0','50509','1','0',NULL),
SAI1700177	66	87115-73R00	RISER, RR CUSH CENTER R	95	NULL	10010		FG3	0		0	0	50509	1	0	NULL	('SAI1700177','66','87115-73R00','RISER, RR CUSH CENTER R','95',NULL,'10010','','FG3','0','','0','0','50509','1','0',NULL),
SAI1700178	67	87135-73R00	BRACKET, RR WALKIN CABLE	95	NULL	10010		FG3	0		0	0	50509	1	0	NULL	('SAI1700178','67','87135-73R00','BRACKET, RR WALKIN CABLE','95',NULL,'10010','','FG3','0','','0','0','50509','1','0',NULL),
SAI1700181	70	85812-74P00	BRACKET, FR BACK HINGE,L	95	NULL	10010		FG3	0		0	0	50509	1	0	NULL	('SAI1700181','70','85812-74P00','BRACKET, FR BACK HINGE,L','95',NULL,'10010','','FG3','0','','0','0','50509','1','0',NULL),
SAI1700186	75	85624-81P50	PLATE, FR CUSH FRAME, L	95	NULL	10010		FG3	0		0	0	50509	1	0	NULL	('SAI1700186','75','85624-81P50','PLATE, FR CUSH FRAME, L','95',NULL,'10010','','FG3','0','','0','0','50509','1','0',NULL),
SAI1700191	80	88231-73RA0	BRACKET,3RD INNER, R	95	NULL	10010		FG3	0		0	0	50509	1	0	NULL	('SAI1700191','80','88231-73RA0','BRACKET,3RD INNER, R','95',NULL,'10010','','FG3','0','','0','0','50509','1','0',NULL),
SAI1700192	81	88731-73RA0	BRACKET,3RD INNER, L	95	NULL	10010		FG3	0		0	0	50509	1	0	NULL	('SAI1700192','81','88731-73RA0','BRACKET,3RD INNER, L','95',NULL,'10010','','FG3','0','','0','0','50509','1','0',NULL),
SAI1700193	57	111	MOTOR	549	NULL	10009	A	FG3	3		3	816	67	1	1	NULL	('SAI1700193','57','111','MOTOR','549',NULL,'10009','A','FG3','3','','3','816','67','1','1',NULL),
SAI1700195	1	65700-TG4R-T002-H1	C/MBR,COM MID FLR	615	NULL	10013		FG3	0		1	0	50509	1	0	NULL	('SAI1700195','1','65700-TG4R-T002-H1','C/MBR,COM MID FLR','615',NULL,'10013','','FG3','0','','1','0','50509','1','0',NULL),
SAI1700196	2	65110-TG2-K000-H1	FRAME COMP R, FR FLR	615	NULL	10013		FG3	0		1	0	50509	1	0	NULL	('SAI1700196','2','65110-TG2-K000-H1','FRAME COMP R, FR FLR','615',NULL,'10013','','FG3','0','','1','0','50509','1','0',NULL),
SAI1700197	3	65160-TG4-U000-H1	FRAME COMP L, FR FLR	615	NULL	10013		FG3	0		1	0	50509	1	0	NULL	('SAI1700197','3','65160-TG4-U000-H1','FRAME COMP L, FR FLR','615',NULL,'10013','','FG3','0','','1','0','50509','1','0',NULL),
SAI1700198	4	62130-TG4R-T002-H1	ROOF RAIL COM REAR	615	NULL	10013		FG3	0		1	0	50509	1	0	NULL	('SAI1700198','4','62130-TG4R-T002-H1','ROOF RAIL COM REAR','615',NULL,'10013','','FG3','0','','1','0','50509','1','0',NULL),
SAI1700199	5	62143-TG4R-T002-H1	ARCH C ROOF	615	NULL	10013		FG3	0		1	0	50509	1	0	NULL	('SAI1700199','5','62143-TG4R-T002-H1','ARCH C ROOF','615',NULL,'10013','','FG3','0','','1','0','50509','1','0',NULL),
SAI1700200	6	63910-TG4R-T002	LID COMP F/FILLER	615	NULL	10013		FG3	0		1	0	50509	1	0	NULL	('SAI1700200','6','63910-TG4R-T002','LID COMP F/FILLER','615',NULL,'10013','','FG3','0','','1','0','50509','1','0',NULL),
SAI1700201	7	64310-TG4R-T002-H1	PNL COMP R RR INN UP	615	NULL	10013		FG3	0		1	0	50509	1	0	NULL	('SAI1700201','7','64310-TG4R-T002-H1','PNL COMP R RR INN UP','615',NULL,'10013','','FG3','0','','1','0','50509','1','0',NULL),
SAI1700202	8	64710-TG4R-T002-H1	PNL COMP L RR INN UP	615	NULL	10013		FG3	0		1	0	50509	1	0	NULL	('SAI1700202','8','64710-TG4R-T002-H1','PNL COMP L RR INN UP','615',NULL,'10013','','FG3','0','','1','0','50509','1','0',NULL),
SAI1700203	9	65190-TG4R-T000-H1	SILL COMP L FR INSIDE	615	NULL	10013		FG3	0		1	0	50509	1	0	NULL	('SAI1700203','9','65190-TG4R-T000-H1','SILL COMP L FR INSIDE','615',NULL,'10013','','FG3','0','','1','0','50509','1','0',NULL),
SAI1700204	10	62120-TG4R-T000-H1	ROOF RAIL COMP FRONT	615	NULL	10013		FG3	0		1	0	50509	1	0	NULL	('SAI1700204','10','62120-TG4R-T000-H1','ROOF RAIL COMP FRONT','615',NULL,'10013','','FG3','0','','1','0','50509','1','0',NULL),
SAI1700206	2	1001A74000	C COVER D30D LOCAL	35	NULL	4		FG3	0		0	0	67	1	0	0	('SAI1700206','2','1001A74000','C COVER D30D LOCAL','35',NULL,'4','','FG3','0','','0','0','67','1','0',0),
SAI1700228	2	A234-87405	BRACKET RR SEAT BACK HINGE LH (F01200300)	39	NULL	4		FG1	0		0	0	67	1	0	0	('SAI1700228','2','A234-87405','BRACKET RR SEAT BACK HINGE LH (F01200300)','39',NULL,'4','','FG1','0','','0','0','67','1','0',0),
SAI1700229	3	B121-97209	PLATE, SEAT TRACK LOCK	39	NULL	4		FG1	0		0	0	67	1	0	0	('SAI1700229','3','B121-97209','PLATE, SEAT TRACK LOCK','39',NULL,'4','','FG1','0','','0','0','67','1','0',0),
SAI1700230	4	A243-87406	BRACKET RR SEAT LEG	39	NULL	4		FG1	0		0	0	67	1	0	0	('SAI1700230','4','A243-87406','BRACKET RR SEAT LEG','39',NULL,'4','','FG1','0','','0','0','67','1','0',0),
SAI1700231	5	A334-87410	GUIDE CTR SEAT	39	NULL	4		FG1	0		0	0	67	1	0	0	('SAI1700231','5','A334-87410','GUIDE CTR SEAT','39',NULL,'4','','FG1','0','','0','0','67','1','0',0),
SAI1700232	6	A462-87402	BRACKET RR SEAT CUSHION RR CTR	39	NULL	4		FG1	0		0	0	67	1	0	0	('SAI1700232','6','A462-87402','BRACKET RR SEAT CUSHION RR CTR','39',NULL,'4','','FG1','0','','0','0','67','1','0',0),
SAI1700233	7	B267-87401	PLATE SEAT TRACK	39	NULL	4		FG1	0		0	0	67	1	0	0	('SAI1700233','7','B267-87401','PLATE SEAT TRACK','39',NULL,'4','','FG1','0','','0','0','67','1','0',0),
SAI1700234	8	B801-87405	FRAME S/A FR SEAT CTR ARMREST	39	NULL	4		FG1	0		0	0	67	1	0	0	('SAI1700234','8','B801-87405','FRAME S/A FR SEAT CTR ARMREST','39',NULL,'4','','FG1','0','','0','0','67','1','0',0),
SAI1700235	9	B106-87405	RAIL S/A SEAT TRACK UPR LH (D30D)	39	NULL	4		FG1	0		0	0	67	1	0	0	('SAI1700235','9','B106-87405','RAIL S/A SEAT TRACK UPR LH (D30D)','39',NULL,'4','','FG1','0','','0','0','67','1','0',0),
SAI1700236	10	71304-BZ060	HINGE S/A RR NO.2 SEAT LH	39	NULL	4		FG1	0		0	0	67	1	0	0	('SAI1700236','10','71304-BZ060','HINGE S/A RR NO.2 SEAT LH','39',NULL,'4','','FG1','0','','0','0','67','1','0',0),
SAI1700237	11	A339-87404 (B120610)	BRKT RR SEAT CUSH LEG RH (B120610)	39	NULL	4		FG1	0		0	0	67	1	0	0	('SAI1700237','11','A339-87404 (B120610)','BRKT RR SEAT CUSH LEG RH (B120610)','39',NULL,'4','','FG1','0','','0','0','67','1','0',0),
SAI1700238	12	B125-87401	PLATE SEAT TRACK OUTER LWR (B121200)	39	NULL	4		FG1	0		0	0	67	1	0	0	('SAI1700238','12','B125-87401','PLATE SEAT TRACK OUTER LWR (B121200)','39',NULL,'4','','FG1','0','','0','0','67','1','0',0),
SAI1700239	13	A207-87602	BRACKET S/A RR SEAT STOPPER LH	39	NULL	4		FG1	0		0	0	67	1	0	0	('SAI1700239','13','A207-87602','BRACKET S/A RR SEAT STOPPER LH','39',NULL,'4','','FG1','0','','0','0','67','1','0',0),
SAI1700240	14	71303-BZ070	HINGE S/A RR NO.2 SEAT RH	39	NULL	4		FG1	0		0	0	67	1	0	0	('SAI1700240','14','71303-BZ070','HINGE S/A RR NO.2 SEAT RH','39',NULL,'4','','FG1','0','','0','0','67','1','0',0),
SAI1700241	15	A243-97531	BRACKET RR SEAT LEG (INNER) (SGS)	39	NULL	4		FG1	0		0	0	67	1	0	0	('SAI1700241','15','A243-97531','BRACKET RR SEAT LEG (INNER) (SGS)','39',NULL,'4','','FG1','0','','0','0','67','1','0',0),
SAI1700242	16	A219-87402	REINF. RR SEAT CUSHION FR LH (B120300E072176D)	39	NULL	4		FG1	0		0	0	67	1	0	0	('SAI1700242','16','A219-87402','REINF. RR SEAT CUSHION FR LH (B120300E072176D)','39',NULL,'4','','FG1','0','','0','0','67','1','0',0),
SAI1700243	17	B778-87601	PLATE RR SEAT RECLINING LWR ARM LH	39	NULL	4		FG1	0		0	0	67	1	0	0	('SAI1700243','17','B778-87601','PLATE RR SEAT RECLINING LWR ARM LH','39',NULL,'4','','FG1','0','','0','0','67','1','0',0),
SAI1700244	18	A111-87407	FRAME FR SEAT CUSHION	39	NULL	4		FG1	0		0	0	67	1	0	0	('SAI1700244','18','A111-87407','FRAME FR SEAT CUSHION','39',NULL,'4','','FG1','0','','0','0','67','1','0',0),
SAI1700245	19	A308-87404	LEG SUB ASSY RR SEAT RH	39	NULL	4		FG1	0		0	0	67	1	0	0	('SAI1700245','19','A308-87404','LEG SUB ASSY RR SEAT RH','39',NULL,'4','','FG1','0','','0','0','67','1','0',0),
SAI1700246	20	A362-97502-B	BRACKET FR SEAT SET NO.2 (D01202920)	39	NULL	4		FG1	0		0	0	67	1	0	0	('SAI1700246','20','A362-97502-B','BRACKET FR SEAT SET NO.2 (D01202920)','39',NULL,'4','','FG1','0','','0','0','67','1','0',0),
SAI1700247	21	A121-97257	BRACKET FR SEAT CUSHION RH	39	NULL	4		FG1	0		0	0	67	1	0	0	('SAI1700247','21','A121-97257','BRACKET FR SEAT CUSHION RH','39',NULL,'4','','FG1','0','','0','0','67','1','0',0),
SAI1700248	22	A309-87405	LEG SUB ASSY RR SEAT LH	39	NULL	4		FG1	0		0	0	67	1	0	0	('SAI1700248','22','A309-87405','LEG SUB ASSY RR SEAT LH','39',NULL,'4','','FG1','0','','0','0','67','1','0',0),
SAI1700249	23	A243-97528	BRACKET RR SEAT LEG INNER	39	NULL	4		FG1	0		0	0	67	1	0	0	('SAI1700249','23','A243-97528','BRACKET RR SEAT LEG INNER','39',NULL,'4','','FG1','0','','0','0','67','1','0',0),
SAI1700250	24	A243-97532	BRACKET RR SEAT LEG (OUTER) (SGS)	39	NULL	4		FG1	0		0	0	67	1	0	0	('SAI1700250','24','A243-97532','BRACKET RR SEAT LEG (OUTER) (SGS)','39',NULL,'4','','FG1','0','','0','0','67','1','0',0),
SAI1700251	25	A122-97232	BRACKET FR SEAT CUSHION LH	39	NULL	4		FG1	0		0	0	67	1	0	0	('SAI1700251','25','A122-97232','BRACKET FR SEAT CUSHION LH','39',NULL,'4','','FG1','0','','0','0','67','1','0',0),
SAI1700099	2	58650-68P00-000	CROSS MEMBER COMP,DASH UPPER,R	95	NULL	3		FG3	0		1	0	50509	1	1	NULL	('SAI1700099','2','58650-68P00-000','CROSS MEMBER COMP,DASH UPPER,R','95',NULL,'3','','FG3','0','','1','0','50509','1','1',NULL),
SAI1700101	4	58750-68P00-000	CROSSMEMBER COMP,DASH UPPER,L	95	NULL	3		FG3	0		1	0	50509	1	1	NULL	('SAI1700101','4','58750-68P00-000','CROSSMEMBER COMP,DASH UPPER,L','95',NULL,'3','','FG3','0','','1','0','50509','1','1',NULL),
SAI1700102	5	58750-52R00-000	CROSSMEMBER COMP,DASH UPPER,L	95	NULL	3		FG3	0		1	0	50509	1	1	NULL	('SAI1700102','5','58750-52R00-000','CROSSMEMBER COMP,DASH UPPER,L','95',NULL,'3','','FG3','0','','1','0','50509','1','1',NULL),
SAI1700103	6	59221-68P10-000	CROSSMEMBER,DASH UPPER CTR	95	NULL	3		FG3	0		1	0	50509	1	1	NULL	('SAI1700103','6','59221-68P10-000','CROSSMEMBER,DASH UPPER CTR','95',NULL,'3','','FG3','0','','1','0','50509','1','1',NULL),
SAI1700105	8	61180-73R00-000	BRACKET COMP,FR SEAT RR OUT,L	95	NULL	3		FG3	0		1	0	50509	1	1	NULL	('SAI1700105','8','61180-73R00-000','BRACKET COMP,FR SEAT RR OUT,L','95',NULL,'3','','FG3','0','','1','0','50509','1','1',NULL),
SAI1700106	9	61235-68P00-000	REINF,MAIN FLOOR INSIDE,R	95	NULL	3		FG3	0		1	0	50509	1	1	NULL	('SAI1700106','9','61235-68P00-000','REINF,MAIN FLOOR INSIDE,R','95',NULL,'3','','FG3','0','','1','0','50509','1','1',NULL),
SAI1700107	10	61285-68P00-000	REINF,MAIN FLOOR INSIDE,L	95	NULL	3		FG3	0		1	0	50509	1	1	NULL	('SAI1700107','10','61285-68P00-000','REINF,MAIN FLOOR INSIDE,L','95',NULL,'3','','FG3','0','','1','0','50509','1','1',NULL),
SAI1700108	11	61531-73R00-000	REINF,RR SEAT RAIL FR CTR	95	NULL	3		FG3	0		1	0	50509	1	1	NULL	('SAI1700108','11','61531-73R00-000','REINF,RR SEAT RAIL FR CTR','95',NULL,'3','','FG3','0','','1','0','50509','1','1',NULL),
SAI1700109	12	61532-73R00	PATCH RR SEAT RAIL FR CTR	95	NULL	3		FG3	0		1	0	50509	1	1	NULL	('SAI1700109','12','61532-73R00','PATCH RR SEAT RAIL FR CTR','95',NULL,'3','','FG3','0','','1','0','50509','1','1',NULL),
SAI1700110	13	62654-73R00	BRACKET CANISTER HOSE CLAMP	95	NULL	3		FG3	0		1	0	50509	1	1	NULL	('SAI1700110','13','62654-73R00','BRACKET CANISTER HOSE CLAMP','95',NULL,'3','','FG3','0','','1','0','50509','1','1',NULL),
SAI1700111	14	63486-73R00	REINF WHEEL HOUSE OTR FR R	95	NULL	3		FG3	0		1	0	50509	1	1	NULL	('SAI1700111','14','63486-73R00','REINF WHEEL HOUSE OTR FR R','95',NULL,'3','','FG3','0','','1','0','50509','1','1',NULL),
SAI1700114	3	58750-68P00-000	CROSSMEMBER COMP,DASH UPPER,L	95	NULL	10010		FG3	0		1	0	50509	1	0	NULL	('SAI1700114','3','58750-68P00-000','CROSSMEMBER COMP,DASH UPPER,L','95',NULL,'10010','','FG3','0','','1','0','50509','1','0',NULL),
SAI1700118	7	61180-73R00-000	BRACKET COMP,FR SEAT RR OUT,L	95	NULL	10010		FG3	0		1	0	50509	1	0	NULL	('SAI1700118','7','61180-73R00-000','BRACKET COMP,FR SEAT RR OUT,L','95',NULL,'10010','','FG3','0','','1','0','50509','1','0',NULL),
SAI1700123	12	62654-73R00	BRACKET CANISTER HOSE CLAMP	95	NULL	10010		FG3	0		1	0	50509	1	0	NULL	('SAI1700123','12','62654-73R00','BRACKET CANISTER HOSE CLAMP','95',NULL,'10010','','FG3','0','','1','0','50509','1','0',NULL),
SAI1700125	14	63886-73R00	REINF WHEEL HOUSE OTR FR L	95	NULL	10010		FG3	0		1	0	50509	1	0	NULL	('SAI1700125','14','63886-73R00','REINF WHEEL HOUSE OTR FR L','95',NULL,'10010','','FG3','0','','1','0','50509','1','0',NULL),
SAI1700129	18	69167-73R00	REINF BACK DOOR OUTER NO.2	95	NULL	10010		FG3	0		1	0	50509	1	0	NULL	('SAI1700129','18','69167-73R00','REINF BACK DOOR OUTER NO.2','95',NULL,'10010','','FG3','0','','1','0','50509','1','0',NULL),
SAI1700136	25	68331-73R00	REINF FR DOOR OUTER CTR L	95	NULL	10010		FG3	0		1	0	50509	1	0	NULL	('SAI1700136','25','68331-73R00','REINF FR DOOR OUTER CTR L','95',NULL,'10010','','FG3','0','','1','0','50509','1','0',NULL),
SAI1700141	30	63485-73R00	REINF RR WHEEL HOUSE FR	95	NULL	10010		FG3	0		1	0	50509	1	0	NULL	('SAI1700141','30','63485-73R00','REINF RR WHEEL HOUSE FR','95',NULL,'10010','','FG3','0','','1','0','50509','1','0',NULL),
SAI1700142	31	68531-73R00	REINF RR DOOR OUTER CTR R	95	NULL	10010		FG3	0		1	0	50509	1	0	NULL	('SAI1700142','31','68531-73R00','REINF RR DOOR OUTER CTR R','95',NULL,'10010','','FG3','0','','1','0','50509','1','0',NULL),
SAI1700143	32	68731-73R00	REINF RR DOOR OUTER CTR L	95	NULL	10010		FG3	0		1	0	50509	1	0	NULL	('SAI1700143','32','68731-73R00','REINF RR DOOR OUTER CTR L','95',NULL,'10010','','FG3','0','','1','0','50509','1','0',NULL),
SAI1700144	33	68572-73R00	REINF RR DOOR WINDOW REAR R	95	NULL	10010		FG3	0		1	0	50509	1	0	NULL	('SAI1700144','33','68572-73R00','REINF RR DOOR WINDOW REAR R','95',NULL,'10010','','FG3','0','','1','0','50509','1','0',NULL),
SAI1700145	34	68772-73R00	REINF RR DOOR WINDOW REAR L	95	NULL	10010		FG3	0		1	0	50509	1	0	NULL	('SAI1700145','34','68772-73R00','REINF RR DOOR WINDOW REAR L','95',NULL,'10010','','FG3','0','','1','0','50509','1','0',NULL),
SAI1700146	35	69121-73R00	REINF BACK DOOR HANDLE	95	NULL	10010		FG3	0		1	0	50509	1	0	NULL	('SAI1700146','35','69121-73R00','REINF BACK DOOR HANDLE','95',NULL,'10010','','FG3','0','','1','0','50509','1','0',NULL),
SAI1700147	36	68121-73R00	REINF, FRONT DOOR OUTER , R	95	NULL	10010		FG3	0		1	0	50509	1	0	NULL	('SAI1700147','36','68121-73R00','REINF, FRONT DOOR OUTER , R','95',NULL,'10010','','FG3','0','','1','0','50509','1','0',NULL),
SAI1700148	37	68331-73R00	REINF, FRONT DOOR OUTERCTR , L	95	NULL	10010		FG3	0		1	0	50509	1	0	NULL	('SAI1700148','37','68331-73R00','REINF, FRONT DOOR OUTERCTR , L','95',NULL,'10010','','FG3','0','','1','0','50509','1','0',NULL),
SAI1700149	38	68521-73R00	REINF, REAR DOOR OUTER, R	95	NULL	10010		FG3	0		1	0	50509	1	0	NULL	('SAI1700149','38','68521-73R00','REINF, REAR DOOR OUTER, R','95',NULL,'10010','','FG3','0','','1','0','50509','1','0',NULL),
SAI1700151	40	65162-73R00	MEMBER, ROOF PANEL CTR NO.2	95	NULL	10010		FG3	0		1	0	50509	1	0	NULL	('SAI1700151','40','65162-73R00','MEMBER, ROOF PANEL CTR NO.2','95',NULL,'10010','','FG3','0','','1','0','50509','1','0',NULL),
SAI1700152	41	86162-74P00	PLATE, FR CUSH FRAME	95	NULL	10010		FG3	0		1	0	50509	1	0	NULL	('SAI1700152','41','86162-74P00','PLATE, FR CUSH FRAME','95',NULL,'10010','','FG3','0','','1','0','50509','1','0',NULL),
SAI1700155	44	87328-73RJ0	BRACKET, BELT GUIDE	95	NULL	10010		FG3	0		1	0	50509	1	0	NULL	('SAI1700155','44','87328-73RJ0','BRACKET, BELT GUIDE','95',NULL,'10010','','FG3','0','','1','0','50509','1','0',NULL),
SAI1700158	47	88111-73RA0	BRACKET, 3RD STAY INSIDE R	95	NULL	10010		FG3	0		1	0	50509	1	0	NULL	('SAI1700158','47','88111-73RA0','BRACKET, 3RD STAY INSIDE R','95',NULL,'10010','','FG3','0','','1','0','50509','1','0',NULL),
SAI1700170	59	88115-73R00	LEG,3RD CUSH	95	NULL	10010		FG3	0		0	0	50509	1	0	NULL	('SAI1700170','59','88115-73R00','LEG,3RD CUSH','95',NULL,'10010','','FG3','0','','0','0','50509','1','0',NULL),
SAI1700176	65	88815-73RA0	BRACKET,3RD BACK HINGE,L	95	NULL	10010		FG3	0		0	0	50509	1	0	NULL	('SAI1700176','65','88815-73RA0','BRACKET,3RD BACK HINGE,L','95',NULL,'10010','','FG3','0','','0','0','50509','1','0',NULL),
SAI1700252	26	B142-87401	BRKT FR OUTER SEAT TRACK LWR FR LH   (B121400)	39	NULL	4		FG1	0		0	0	67	1	0	0	('SAI1700252','26','B142-87401','BRKT FR OUTER SEAT TRACK LWR FR LH   (B121400)','39',NULL,'4','','FG1','0','','0','0','67','1','0',0),
SAI1700253	27	A339-87405 (B120710)	BRKT RR SEAT CUSH LEG LH (B120710)	39	NULL	4		FG1	0		0	0	67	1	0	0	('SAI1700253','27','A339-87405 (B120710)','BRKT RR SEAT CUSH LEG LH (B120710)','39',NULL,'4','','FG1','0','','0','0','67','1','0',0),
SAI1700254	28	B105-87406	RAIL S/A SEAT TRACK LWR (TMC)	39	NULL	4		FG1	0		0	0	67	1	0	0	('SAI1700254','28','B105-87406','RAIL S/A SEAT TRACK LWR (TMC)','39',NULL,'4','','FG1','0','','0','0','67','1','0',0),
SAI1700255	29	B777-87601	PLATE RR SEAT RECLINING LWR ARM RH	39	NULL	4		FG1	0		0	0	67	1	0	0	('SAI1700255','29','B777-87601','PLATE RR SEAT RECLINING LWR ARM RH','39',NULL,'4','','FG1','0','','0','0','67','1','0',0),
SAI1700256	30	A122-97507	REINF. FR SEAT CUSHION LH (D01200700)	39	NULL	4		FG1	0		0	0	67	1	0	0	('SAI1700256','30','A122-97507','REINF. FR SEAT CUSHION LH (D01200700)','39',NULL,'4','','FG1','0','','0','0','67','1','0',0),
SAI1700257	31	A206-87603	BRACKET S/A RR SEAT STOPPER RH	39	NULL	4		FG1	0		0	0	67	1	0	0	('SAI1700257','31','A206-87603','BRACKET S/A RR SEAT STOPPER RH','39',NULL,'4','','FG1','0','','0','0','67','1','0',0),
SAI1700258	32	B513-87602	PLATE RECLINING UPR ARM RH	39	NULL	4		FG1	0		0	0	67	1	0	0	('SAI1700258','32','B513-87602','PLATE RECLINING UPR ARM RH','39',NULL,'4','','FG1','0','','0','0','67','1','0',0),
SAI1700259	33	A122-97509	BRACKET FR SEAT CUSHION LH (D01200900)	39	NULL	4		FG1	0		0	0	67	1	0	0	('SAI1700259','33','A122-97509','BRACKET FR SEAT CUSHION LH (D01200900)','39',NULL,'4','','FG1','0','','0','0','67','1','0',0),
SAI1700260	34	A163-97502	BRACKET FR SEAT BACK OUTSIDE	39	NULL	4		FG1	0		0	0	67	1	0	0	('SAI1700260','34','A163-97502','BRACKET FR SEAT BACK OUTSIDE','39',NULL,'4','','FG1','0','','0','0','67','1','0',0),
SAI1700261	35	B114-97203	RAIL S/A SEAT TRACK UPR LH (D17D)	39	NULL	4		FG1	0		0	0	67	1	0	0	('SAI1700261','35','B114-97203','RAIL S/A SEAT TRACK UPR LH (D17D)','39',NULL,'4','','FG1','0','','0','0','67','1','0',0),
SAI1700262	36	B263-87601	REINF. INNER SEAT TRACK RH	39	NULL	4		FG1	0		0	0	67	1	0	0	('SAI1700262','36','B263-87601','REINF. INNER SEAT TRACK RH','39',NULL,'4','','FG1','0','','0','0','67','1','0',0),
SAI1700263	37	B455-97501	BRACKET SEAT FRAME SET RH (D01203400)	39	NULL	4		FG1	0		0	0	67	1	0	0	('SAI1700263','37','B455-97501','BRACKET SEAT FRAME SET RH (D01203400)','39',NULL,'4','','FG1','0','','0','0','67','1','0',0),
SAI1700264	38	B105-87407	RAIL S/A SEAT TRACK LWR (DMC)	39	NULL	4		FG1	0		0	0	67	1	0	0	('SAI1700264','38','B105-87407','RAIL S/A SEAT TRACK LWR (DMC)','39',NULL,'4','','FG1','0','','0','0','67','1','0',0),
SAI1700265	39	72585-BZ010	BRACKET SEAT BELT HANGER	39	NULL	4		FG1	0		0	0	67	1	0	0	('SAI1700265','39','72585-BZ010','BRACKET SEAT BELT HANGER','39',NULL,'4','','FG1','0','','0','0','67','1','0',0),
SAI1700266	40	B095-87401	PLATE SUB-ASSY RR SEAT TURN SET	39	NULL	4		FG1	0		0	0	67	1	0	0	('SAI1700266','40','B095-87401','PLATE SUB-ASSY RR SEAT TURN SET','39',NULL,'4','','FG1','0','','0','0','67','1','0',0),
SAI1700267	41	B105-87405	RAIL S/A SEAT TRACK UPR RH (D30D)	39	NULL	4		FG1	0		0	0	67	1	0	0	('SAI1700267','41','B105-87405','RAIL S/A SEAT TRACK UPR RH (D30D)','39',NULL,'4','','FG1','0','','0','0','67','1','0',0),
SAI1700268	42	D911-87405	STAY FR SEAT H/R	39	NULL	4		FG1	0		0	0	67	1	0	0	('SAI1700268','42','D911-87405','STAY FR SEAT H/R','39',NULL,'4','','FG1','0','','0','0','67','1','0',0),
SAI1700269	43	A121-87604	REINFORCEMENT FR CUSHION	39	NULL	4		FG1	0		0	0	67	1	0	0	('SAI1700269','43','A121-87604','REINFORCEMENT FR CUSHION','39',NULL,'4','','FG1','0','','0','0','67','1','0',0),
SAI1700270	44	B111-97219	RAIL S/A SEAT TRACK UPR RH (D17D)	39	NULL	4		FG1	0		0	0	67	1	0	0	('SAI1700270','44','B111-97219','RAIL S/A SEAT TRACK UPR RH (D17D)','39',NULL,'4','','FG1','0','','0','0','67','1','0',0),
SAI1700271	45	B264-87601	REINF. INNER SEAT TRACK LH	39	NULL	4		FG1	0		0	0	67	1	0	0	('SAI1700271','45','B264-87601','REINF. INNER SEAT TRACK LH','39',NULL,'4','','FG1','0','','0','0','67','1','0',0),
SAI1700272	46	A338-87603	BRACKET RR SEAT CUSHIONS LEG FR	39	NULL	4		FG1	0		0	0	67	1	0	0	('SAI1700272','46','A338-87603','BRACKET RR SEAT CUSHIONS LEG FR','39',NULL,'4','','FG1','0','','0','0','67','1','0',0),
SAI1700273	47	A121-87603	BRACKET FR SEAT CUSHION RH (J01200250)	39	NULL	4		FG1	0		0	0	67	1	0	0	('SAI1700273','47','A121-87603','BRACKET FR SEAT CUSHION RH (J01200250)','39',NULL,'4','','FG1','0','','0','0','67','1','0',0),
SAI1700274	48	D911-87404	STAY FR SEAT H/R	39	NULL	4		FG1	0		0	0	67	1	0	0	('SAI1700274','48','D911-87404','STAY FR SEAT H/R','39',NULL,'4','','FG1','0','','0','0','67','1','0',0),
SAI1700275	49	A397-97510	BRACKET RR SEAT LEG SUPPORT	39	NULL	4		FG1	0		0	0	67	1	0	0	('SAI1700275','49','A397-97510','BRACKET RR SEAT LEG SUPPORT','39',NULL,'4','','FG1','0','','0','0','67','1','0',0),
SAI1700276	50	A122-87604	BRACKET FR SEAT CUSHION LH (J01200450)	39	NULL	4		FG1	0		0	0	67	1	0	0	('SAI1700276','50','A122-87604','BRACKET FR SEAT CUSHION LH (J01200450)','39',NULL,'4','','FG1','0','','0','0','67','1','0',0),
SAI1700156	45	88130-73RA0	BRACKET, 3RD CUSH STOPPER	95	NULL	10010		FG3	0		1	0	50509	1	0	NULL	('SAI1700156','45','88130-73RA0','BRACKET, 3RD CUSH STOPPER','95',NULL,'10010','','FG3','0','','1','0','50509','1','0',NULL),
SAI1700163	52	88317-73RA0	BRKT, 3RD STAY FIX INSIDE	95	NULL	10010		FG3	0		0	0	50509	1	0	NULL	('SAI1700163','52','88317-73RA0','BRKT, 3RD STAY FIX INSIDE','95',NULL,'10010','','FG3','0','','0','0','50509','1','0',NULL),
SAI1700173	62	88819-73RA0	BRACKET,3RD RCLNG KNOB RR,L	95	NULL	10010		FG3	0		0	0	50509	1	0	NULL	('SAI1700173','62','88819-73RA0','BRACKET,3RD RCLNG KNOB RR,L','95',NULL,'10010','','FG3','0','','0','0','50509','1','0',NULL),
SAI1700175	64	87115-73R00	RISER, RR CUSH CENTER R	95	NULL	10010		FG3	0		0	0	50509	1	0	NULL	('SAI1700175','64','87115-73R00','RISER, RR CUSH CENTER R','95',NULL,'10010','','FG3','0','','0','0','50509','1','0',NULL),
SAI1700179	68	87136-73R00	BRACKET, RR WALKIN CABLE INR	95	NULL	10010		FG3	0		0	0	50509	1	0	NULL	('SAI1700179','68','87136-73R00','BRACKET, RR WALKIN CABLE INR','95',NULL,'10010','','FG3','0','','0','0','50509','1','0',NULL),
SAI1700182	71	88910-73R00	BRACKET, RR BACK HINGE, R	95	NULL	10010		FG3	0		0	0	50509	1	0	NULL	('SAI1700182','71','88910-73R00','BRACKET, RR BACK HINGE, R','95',NULL,'10010','','FG3','0','','0','0','50509','1','0',NULL),
SAI1700183	72	88930-73R00	BRACKET, RR BACK HINGE, L	95	NULL	10010		FG3	0		0	0	50509	1	0	NULL	('SAI1700183','72','88930-73R00','BRACKET, RR BACK HINGE, L','95',NULL,'10010','','FG3','0','','0','0','50509','1','0',NULL),
SAI1700184	73	85113-68P00	MEMBER, FR CUSH	95	NULL	10010		FG3	0		0	0	50509	1	0	NULL	('SAI1700184','73','85113-68P00','MEMBER, FR CUSH','95',NULL,'10010','','FG3','0','','0','0','50509','1','0',NULL),
SAI1700205	1	1001A74000E	C COVER D30D EKSPORT	35	NULL	4		FG3	0		0	0	67	1	0	0	('SAI1700205','1','1001A74000E','C COVER D30D EKSPORT','35',NULL,'4','','FG3','0','','0','0','67','1','0',0),
SAI1700207	3	7601218100	CORE PLATE	35	NULL	4		FG3	0		0	0	67	1	0	0	('SAI1700207','3','7601218100','CORE PLATE','35',NULL,'4','','FG3','0','','0','0','67','1','0',0),
SAI1700277	51	A206-87602	BRACKET S/A RR SEAT STOPPER	39	NULL	4		FG1	0		0	0	67	1	0	0	('SAI1700277','51','A206-87602','BRACKET S/A RR SEAT STOPPER','39',NULL,'4','','FG1','0','','0','0','67','1','0',0),
SAI1700278	52	A218-87403	RINF. RR SEAT CUSH SIDE RH (B120200E072175D)	39	NULL	4		FG1	0		0	0	67	1	0	0	('SAI1700278','52','A218-87403','RINF. RR SEAT CUSH SIDE RH (B120200E072175D)','39',NULL,'4','','FG1','0','','0','0','67','1','0',0),
SAI1700279	53	A321-97505	HINGE SEAT MALE (D01202400)	39	NULL	4		FG1	0		0	0	67	1	0	0	('SAI1700279','53','A321-97505','HINGE SEAT MALE (D01202400)','39',NULL,'4','','FG1','0','','0','0','67','1','0',0),
SAI1700280	54	A347-97501	BRACKET RR SEAT LINK RH	39	NULL	4		FG1	0		0	0	67	1	0	0	('SAI1700280','54','A347-97501','BRACKET RR SEAT LINK RH','39',NULL,'4','','FG1','0','','0','0','67','1','0',0),
SAI1700281	55	B181-87401	BRACKET SEAT TRACK OUTER RH	39	NULL	4		FG1	0		0	0	67	1	0	0	('SAI1700281','55','B181-87401','BRACKET SEAT TRACK OUTER RH','39',NULL,'4','','FG1','0','','0','0','67','1','0',0),
SAI1700282	56	A121-97510	REINF. FR SEAT CUSHION RH (D01200100)	39	NULL	4		FG1	0		0	0	67	1	0	0	('SAI1700282','56','A121-97510','REINF. FR SEAT CUSHION RH (D01200100)','39',NULL,'4','','FG1','0','','0','0','67','1','0',0),
SAI1700283	57	B141-87402	BRKT FR OUTER SEAT TRACK LWR FR RH   (B121300)	39	NULL	4		FG1	0		0	0	67	1	0	0	('SAI1700283','57','B141-87402','BRKT FR OUTER SEAT TRACK LWR FR RH   (B121300)','39',NULL,'4','','FG1','0','','0','0','67','1','0',0),
SAI1700284	58	A122-97505	REINF. FR SEAT CUSHION LH (D01200500)	39	NULL	4		FG1	0		0	0	67	1	0	0	('SAI1700284','58','A122-97505','REINF. FR SEAT CUSHION LH (D01200500)','39',NULL,'4','','FG1','0','','0','0','67','1','0',0),
SAI1700285	59	B182-87401	BRACKET SEAT TRACK OUTER LH	39	NULL	4		FG1	0		0	0	67	1	0	0	('SAI1700285','59','B182-87401','BRACKET SEAT TRACK OUTER LH','39',NULL,'4','','FG1','0','','0','0','67','1','0',0),
SAI1700286	60	A253-87604	REINFORCEMENT RR SEAT BACK RH	39	NULL	4		FG1	0		0	0	67	1	0	0	('SAI1700286','60','A253-87604','REINFORCEMENT RR SEAT BACK RH','39',NULL,'4','','FG1','0','','0','0','67','1','0',0),
SAI1700287	61	A162-87601	BRACKET FR SEAT BACK LH	39	NULL	4		FG1	0		0	0	67	1	0	0	('SAI1700287','61','A162-87601','BRACKET FR SEAT BACK LH','39',NULL,'4','','FG1','0','','0','0','67','1','0',0),
SAI1700288	62	A243-97533	BRACKET RR SEAT LEG OUTER	39	NULL	4		FG1	0		0	0	67	1	0	0	('SAI1700288','62','A243-97533','BRACKET RR SEAT LEG OUTER','39',NULL,'4','','FG1','0','','0','0','67','1','0',0),
SAI1700289	63	A254-87604	REINFORCEMENT RR SEAT BACK LH	39	NULL	4		FG1	0		0	0	67	1	0	0	('SAI1700289','63','A254-87604','REINFORCEMENT RR SEAT BACK LH','39',NULL,'4','','FG1','0','','0','0','67','1','0',0),
SAI1700290	64	A243-97527	BRACKET RR SEAT LEG LINK	39	NULL	4		FG1	0		0	0	67	1	0	0	('SAI1700290','64','A243-97527','BRACKET RR SEAT LEG LINK','39',NULL,'4','','FG1','0','','0','0','67','1','0',0),
SAI1700291	65	B147-87402	BRKT FR INNER SEAT TRACK LWR RR RH   (B121800)	39	NULL	4		FG1	0		0	0	67	1	0	0	('SAI1700291','65','B147-87402','BRKT FR INNER SEAT TRACK LWR RR RH   (B121800)','39',NULL,'4','','FG1','0','','0','0','67','1','0',0),
SAI1700292	66	B148-87402	BRKT FR INNER SEAT TRACK LWR RR LH   (B121900)	39	NULL	4		FG1	0		0	0	67	1	0	0	('SAI1700292','66','B148-87402','BRKT FR INNER SEAT TRACK LWR RR LH   (B121900)','39',NULL,'4','','FG1','0','','0','0','67','1','0',0),
SAI1700293	67	A347-87402	BRKT RR SEAT LINK LH (B121100)	39	NULL	4		FG1	0		0	0	67	1	0	0	('SAI1700293','67','A347-87402','BRKT RR SEAT LINK LH (B121100)','39',NULL,'4','','FG1','0','','0','0','67','1','0',0),
SAI1700294	68	A361-97503-C	BRACKET FR SEAT SET NO.1 (D01202830)	39	NULL	4		FG1	0		0	0	67	1	0	0	('SAI1700294','68','A361-97503-C','BRACKET FR SEAT SET NO.1 (D01202830)','39',NULL,'4','','FG1','0','','0','0','67','1','0',0),
SAI1700295	69	A121-87413	BRACKET FR SEAT CUSHION	39	NULL	4		FG1	0		0	0	67	1	0	0	('SAI1700295','69','A121-87413','BRACKET FR SEAT CUSHION','39',NULL,'4','','FG1','0','','0','0','67','1','0',0),
SAI1700296	70	B514-87602	PLATE RECLINING UPR ARM LH	39	NULL	4		FG1	0		0	0	67	1	0	0	('SAI1700296','70','B514-87602','PLATE RECLINING UPR ARM LH','39',NULL,'4','','FG1','0','','0','0','67','1','0',0),
SAI1700297	71	A163-97505-B	BRACKET FR SEAT BACK SUPPORT (D01201820)	39	NULL	4		FG1	0		0	0	67	1	0	0	('SAI1700297','71','A163-97505-B','BRACKET FR SEAT BACK SUPPORT (D01201820)','39',NULL,'4','','FG1','0','','0','0','67','1','0',0),
SAI1700298	72	B521-97508	ARM RECLINING ADJ LWR RH (D01203800)	39	NULL	4		FG1	0		0	0	67	1	0	0	('SAI1700298','72','B521-97508','ARM RECLINING ADJ LWR RH (D01203800)','39',NULL,'4','','FG1','0','','0','0','67','1','0',0),
SAI1700299	73	A243-97529	BRACKET RR SEAT LEG (SGS)	39	NULL	4		FG1	0		0	0	67	1	0	0	('SAI1700299','73','A243-97529','BRACKET RR SEAT LEG (SGS)','39',NULL,'4','','FG1','0','','0','0','67','1','0',0),
SAI1700300	74	A321-97504-A	HINGE SEAT MALE (D01202310)	39	NULL	4		FG1	0		0	0	67	1	0	0	('SAI1700300','74','A321-97504-A','HINGE SEAT MALE (D01202310)','39',NULL,'4','','FG1','0','','0','0','67','1','0',0),
SAI1700301	75	A397-97511	BRACKET RR SEAT LEG SUPPORT	39	NULL	4		FG1	0		0	0	67	1	0	0	('SAI1700301','75','A397-97511','BRACKET RR SEAT LEG SUPPORT','39',NULL,'4','','FG1','0','','0','0','67','1','0',0),
SAI1700302	76	B248-97502	GUIDE SEAT TRACK CONTROL LEVER	39	NULL	4		FG1	0		0	0	67	1	0	0	('SAI1700302','76','B248-97502','GUIDE SEAT TRACK CONTROL LEVER','39',NULL,'4','','FG1','0','','0','0','67','1','0',0),
SAI1700303	77	A153-97503 (RO)	REINF. FR SEAT BACK FRAME RH (D01201000)	39	NULL	4		FG1	0		0	0	67	1	0	0	('SAI1700303','77','A153-97503 (RO)','REINF. FR SEAT BACK FRAME RH (D01201000)','39',NULL,'4','','FG1','0','','0','0','67','1','0',0),
SAI1700304	78	A301-87605	HINGE S/A RR SEAT CUSHION	39	NULL	4		FG1	0		0	0	67	1	0	0	('SAI1700304','78','A301-87605','HINGE S/A RR SEAT CUSHION','39',NULL,'4','','FG1','0','','0','0','67','1','0',0),
SAI1700305	79	A338-87403	BRACKET RR SEAT CUSHION LEG FR	39	NULL	4		FG1	0		0	0	67	1	0	0	('SAI1700305','79','A338-87403','BRACKET RR SEAT CUSHION LEG FR','39',NULL,'4','','FG1','0','','0','0','67','1','0',0),
SAI1700306	80	A161-87601	BRACKET FR SEAT BACK RH	39	NULL	4		FG1	0		0	0	67	1	0	0	('SAI1700306','80','A161-87601','BRACKET FR SEAT BACK RH','39',NULL,'4','','FG1','0','','0','0','67','1','0',0),
SAI1700307	81	A153-97505 (LI)	REINF. FR SEAT BACK FRAME RH (D01205300)	39	NULL	4		FG1	0		0	0	67	1	0	0	('SAI1700307','81','A153-97505 (LI)','REINF. FR SEAT BACK FRAME RH (D01205300)','39',NULL,'4','','FG1','0','','0','0','67','1','0',0),
SAI1700308	82	A419-97501-A	PLATE SEAT BELT ANCHOR (D01203210)	39	NULL	4		FG1	0		0	0	67	1	0	0	('SAI1700308','82','A419-97501-A','PLATE SEAT BELT ANCHOR (D01203210)','39',NULL,'4','','FG1','0','','0','0','67','1','0',0),
SAI1700309	83	B456-97501	BRACKET SEAT FRAME SET LH (D01203500)	39	NULL	4		FG1	0		0	0	67	1	0	0	('SAI1700309','83','B456-97501','BRACKET SEAT FRAME SET LH (D01203500)','39',NULL,'4','','FG1','0','','0','0','67','1','0',0),
SAI1700310	84	B521-97507	ARM RECLINING ADJ LWR RH (D01203700)	39	NULL	4		FG1	0		0	0	67	1	0	0	('SAI1700310','84','B521-97507','ARM RECLINING ADJ LWR RH (D01203700)','39',NULL,'4','','FG1','0','','0','0','67','1','0',0),
SAI1700311	85	A229-87401	FRAME RR SEAT CUSH CTR	39	NULL	4		FG1	0		0	0	67	1	0	0	('SAI1700311','85','A229-87401','FRAME RR SEAT CUSH CTR','39',NULL,'4','','FG1','0','','0','0','67','1','0',0),
SAI1700312	86	A419-97502	PLATE SEAT BELT ANCHOR (D01203300)	39	NULL	4		FG1	0		0	0	67	1	0	0	('SAI1700312','86','A419-97502','PLATE SEAT BELT ANCHOR (D01203300)','39',NULL,'4','','FG1','0','','0','0','67','1','0',0),
SAI1700313	87	A253-87404	REINF. RR SEAT BACK RH (F01200100)	39	NULL	4		FG1	0		0	0	67	1	0	0	('SAI1700313','87','A253-87404','REINF. RR SEAT BACK RH (F01200100)','39',NULL,'4','','FG1','0','','0','0','67','1','0',0),
SAI1700314	88	A337-97512	PLATE RR SEAT LEG	39	NULL	4		FG1	0		0	0	67	1	0	0	('SAI1700314','88','A337-97512','PLATE RR SEAT LEG','39',NULL,'4','','FG1','0','','0','0','67','1','0',0),
SAI1700315	89	B145-87402	BRKT FR INNER SEAT TRACK LW FR RH  (B121600)	39	NULL	4		FG1	0		0	0	67	1	0	0	('SAI1700315','89','B145-87402','BRKT FR INNER SEAT TRACK LW FR RH  (B121600)','39',NULL,'4','','FG1','0','','0','0','67','1','0',0),
SAI1700316	90	B403-97507	BRACKET S/A SEAT FRAME SET (1 NUT,WELD)	39	NULL	4		FG1	0		0	0	67	1	0	0	('SAI1700316','90','B403-97507','BRACKET S/A SEAT FRAME SET (1 NUT,WELD)','39',NULL,'4','','FG1','0','','0','0','67','1','0',0),
SAI1700317	91	A119-87401	PATCH FR SEAT CUSHION (B120100)	39	NULL	4		FG1	0		0	0	67	1	0	0	('SAI1700317','91','A119-87401','PATCH FR SEAT CUSHION (B120100)','39',NULL,'4','','FG1','0','','0','0','67','1','0',0),
SAI1700318	92	A163-97506-C	BKT FR SEAT BACK SUPPORT RH (D01205130)	39	NULL	4		FG1	0		0	0	67	1	0	0	('SAI1700318','92','A163-97506-C','BKT FR SEAT BACK SUPPORT RH (D01205130)','39',NULL,'4','','FG1','0','','0','0','67','1','0',0),
SAI1700319	93	A157-97507-A	PANEL FR SEAT BACK SAFETY (D01201310)	39	NULL	4		FG1	0		0	0	67	1	0	0	('SAI1700319','93','A157-97507-A','PANEL FR SEAT BACK SAFETY (D01201310)','39',NULL,'4','','FG1','0','','0','0','67','1','0',0),
SAI1700320	94	B403-97505	BRACKET S/A SEAT FRAME SET (2 BOLT,WELD)	39	NULL	4		FG1	0		0	0	67	1	0	0	('SAI1700320','94','B403-97505','BRACKET S/A SEAT FRAME SET (2 BOLT,WELD)','39',NULL,'4','','FG1','0','','0','0','67','1','0',0),
SAI1700321	95	A334-97502	BRACKET RR SEAT CUSH LINK RH	39	NULL	4		FG1	0		0	0	67	1	0	0	('SAI1700321','95','A334-97502','BRACKET RR SEAT CUSH LINK RH','39',NULL,'4','','FG1','0','','0','0','67','1','0',0),
SAI1700322	96	A266-87601	BRACKET RR SEAT BACK STOPPER	39	NULL	4		FG1	0		0	0	67	1	0	0	('SAI1700322','96','A266-87601','BRACKET RR SEAT BACK STOPPER','39',NULL,'4','','FG1','0','','0','0','67','1','0',0),
SAI1700166	55	88318-73RA0	BRACKET,3RD RCLNG KNOB FR, R	95	NULL	10010		FG3	0		0	0	50509	1	0	NULL	('SAI1700166','55','88318-73RA0','BRACKET,3RD RCLNG KNOB FR, R','95',NULL,'10010','','FG3','0','','0','0','50509','1','0',NULL),
SAI1700167	56	88818-73RA0	BRACKET,3RD RCLNG KNOB FR, L	95	NULL	10010		FG3	0		0	0	50509	1	0	NULL	('SAI1700167','56','88818-73RA0','BRACKET,3RD RCLNG KNOB FR, L','95',NULL,'10010','','FG3','0','','0','0','50509','1','0',NULL),
SAI1700168	57	88122-73RA0	HOOK, SPRING	95	NULL	10010		FG3	0		0	0	50509	1	0	NULL	('SAI1700168','57','88122-73RA0','HOOK, SPRING','95',NULL,'10010','','FG3','0','','0','0','50509','1','0',NULL),
SAI1700169	58	87324-73R00	BRACKET, RR BACK RCLNG SPRING	95	NULL	10010		FG3	0		0	0	50509	1	0	NULL	('SAI1700169','58','87324-73R00','BRACKET, RR BACK RCLNG SPRING','95',NULL,'10010','','FG3','0','','0','0','50509','1','0',NULL),
SAI1700172	61	88319-73RA0	BRACKET,3RD RCLNG KNOB RR,R	95	NULL	10010		FG3	0		0	0	50509	1	0	NULL	('SAI1700172','61','88319-73RA0','BRACKET,3RD RCLNG KNOB RR,R','95',NULL,'10010','','FG3','0','','0','0','50509','1','0',NULL),
SAI1700174	63	86155-74P60	PLATE S/COMP,LIFTER  LINK RR	95	NULL	10010		FG3	0		0	0	50509	1	0	NULL	('SAI1700174','63','86155-74P60','PLATE S/COMP,LIFTER  LINK RR','95',NULL,'10010','','FG3','0','','0','0','50509','1','0',NULL),
SAI1700180	69	85312-74P00	BRACKET, FR BACK HINGE,R	95	NULL	10010		FG3	0		0	0	50509	1	0	NULL	('SAI1700180','69','85312-74P00','BRACKET, FR BACK HINGE,R','95',NULL,'10010','','FG3','0','','0','0','50509','1','0',NULL),
SAI1700185	74	85124-81P50	PLATE, FR CUSH FRAME, R	95	NULL	10010		FG3	0		0	0	50509	1	0	NULL	('SAI1700185','74','85124-81P50','PLATE, FR CUSH FRAME, R','95',NULL,'10010','','FG3','0','','0','0','50509','1','0',NULL),
SAI1700187	76	85323-74P00	REINF, FR BACK FRAME NO.2,R	95	NULL	10010		FG3	0		0	0	50509	1	0	NULL	('SAI1700187','76','85323-74P00','REINF, FR BACK FRAME NO.2,R','95',NULL,'10010','','FG3','0','','0','0','50509','1','0',NULL),
SAI1700188	77	85823-74P00	REINF, FR BACK FRAME NO.2,L	95	NULL	10010		FG3	0		0	0	50509	1	0	NULL	('SAI1700188','77','85823-74P00','REINF, FR BACK FRAME NO.2,L','95',NULL,'10010','','FG3','0','','0','0','50509','1','0',NULL),
SAI1700189	78	85318-74P10	HOOK, SPIRAL SPRING, R	95	NULL	10010		FG3	0		0	0	50509	1	0	NULL	('SAI1700189','78','85318-74P10','HOOK, SPIRAL SPRING, R','95',NULL,'10010','','FG3','0','','0','0','50509','1','0',NULL),
SAI1700190	79	85818-74P10	HOOK, SPIRAL SPRING, L	95	NULL	10010		FG3	0		0	0	50509	1	0	NULL	('SAI1700190','79','85818-74P10','HOOK, SPIRAL SPRING, L','95',NULL,'10010','','FG3','0','','0','0','50509','1','0',NULL),
SAI1700194	57	5220K734	REINF.ASS''Y FR S/MBR RR UPR     RH	549	NULL	10009		FG3	0		1	0	50509	1	1	0	('SAI1700194','57','5220K734','REINF.ASS''Y FR S/MBR RR UPR     RH','549',NULL,'10009','','FG3','0','','1','0','50509','1','1',0),
SAI1700227	1	A163-97508	BKT FR SEAT BA SUPPORT RH (D01205600)	39	NULL	4		FG1	0		0	0	67	1	0	0	('SAI1700227','1','A163-97508','BKT FR SEAT BA SUPPORT RH (D01205600)','39',NULL,'4','','FG1','0','','0','0','67','1','0',0),
SAI1700323	97	B146-87402	BRKT FR INNER SEAT TRACK LW FR LH   (B121700)	39	NULL	4		FG1	0		0	0	67	1	0	0	('SAI1700323','97','B146-87402','BRKT FR INNER SEAT TRACK LW FR LH   (B121700)','39',NULL,'4','','FG1','0','','0','0','67','1','0',0),
SAI1700324	98	A154-97504 (LO)	REINF. FR SEAT BACK FRAME LH (D01205400)	39	NULL	4		FG1	0		0	0	67	1	0	0	('SAI1700324','98','A154-97504 (LO)','REINF. FR SEAT BACK FRAME LH (D01205400)','39',NULL,'4','','FG1','0','','0','0','67','1','0',0),
SAI1700325	99	B095-87402	PLATE SUB-ASSY RR SEAT TURN SET INNER	39	NULL	4		FG1	0		0	0	67	1	0	0	('SAI1700325','99','B095-87402','PLATE SUB-ASSY RR SEAT TURN SET INNER','39',NULL,'4','','FG1','0','','0','0','67','1','0',0),
SAI1700326	100	B143-87402	BRKT FR OUTER SEAT TRACK LWR RR   (B121500)	39	NULL	4		FG1	0		0	0	67	1	0	0	('SAI1700326','100','B143-87402','BRKT FR OUTER SEAT TRACK LWR RR   (B121500)','39',NULL,'4','','FG1','0','','0','0','67','1','0',0),
SAI1700327	101	A121-97511	REINF. FR SEAT CUSHION RH (D01200200)	39	NULL	4		FG1	0		0	0	67	1	0	0	('SAI1700327','101','A121-97511','REINF. FR SEAT CUSHION RH (D01200200)','39',NULL,'4','','FG1','0','','0','0','67','1','0',0),
SAI1700328	102	A122-97508	BRACKET FR SEAT CUSHION LH	39	NULL	4		FG1	0		0	0	67	1	0	0	('SAI1700328','102','A122-97508','BRACKET FR SEAT CUSHION LH','39',NULL,'4','','FG1','0','','0','0','67','1','0',0),
SAI1700329	103	B403-97506	BRACKET S/A SEAT FRAME SET (1 BOLT,WELD)	39	NULL	4		FG1	0		0	0	67	1	0	0	('SAI1700329','103','B403-97506','BRACKET S/A SEAT FRAME SET (1 BOLT,WELD)','39',NULL,'4','','FG1','0','','0','0','67','1','0',0),
SAI1700330	104	A163-97507-A	BKT FR SEAT BACK SUPPORT RH (D01205510)	39	NULL	4		FG1	0		0	0	67	1	0	0	('SAI1700330','104','A163-97507-A','BKT FR SEAT BACK SUPPORT RH (D01205510)','39',NULL,'4','','FG1','0','','0','0','67','1','0',0),
SAI1700331	105	A157-97506-B	PANEL FR SEAT BACK SAFETY (D01201220)	39	NULL	4		FG1	0		0	0	67	1	0	0	('SAI1700331','105','A157-97506-B','PANEL FR SEAT BACK SAFETY (D01201220)','39',NULL,'4','','FG1','0','','0','0','67','1','0',0),
SAI1700332	106	A157-97506-B	BRACKET FR SEAT SET NO. 2 (D01203000)	39	NULL	4		FG1	0		0	0	67	1	0	0	('SAI1700332','106','A157-97506-B','BRACKET FR SEAT SET NO. 2 (D01203000)','39',NULL,'4','','FG1','0','','0','0','67','1','0',0),
SAI1700333	107	A397-97509	BRACKET RR SEAT LEG SUPPORT	39	NULL	4		FG1	0		0	0	67	1	0	0	('SAI1700333','107','A397-97509','BRACKET RR SEAT LEG SUPPORT','39',NULL,'4','','FG1','0','','0','0','67','1','0',0),
SAI1700334	108	A339-97520	BRACKET RR SEAT CUSH LEG RR LH	39	NULL	4		FG1	0		0	0	67	1	0	0	('SAI1700334','108','A339-97520','BRACKET RR SEAT CUSH LEG RR LH','39',NULL,'4','','FG1','0','','0','0','67','1','0',0),
SAI1700335	109	A111-97201	Panel Front Seat Cushion	39	NULL	4		FG1	0		0	0	67	1	0	0	('SAI1700335','109','A111-97201','Panel Front Seat Cushion','39',NULL,'4','','FG1','0','','0','0','67','1','0',0),
SAI1700336	110	A337-97510	PLATE RR SEAT LEG (D01202700)	39	NULL	4		FG1	0		0	0	67	1	0	0	('SAI1700336','110','A337-97510','PLATE RR SEAT LEG (D01202700)','39',NULL,'4','','FG1','0','','0','0','67','1','0',0),
SAI1700337	111	A163-97503	BRACKET FR SEAT BACK OUTSIDE (D01201600)	39	NULL	4		FG1	0		0	0	67	1	0	0	('SAI1700337','111','A163-97503','BRACKET FR SEAT BACK OUTSIDE (D01201600)','39',NULL,'4','','FG1','0','','0','0','67','1','0',0),
SAI1700338	112	A121-97512	REINF. FR SEAT CUSHION RH (D01200310)	39	NULL	4		FG1	0		0	0	67	1	0	0	('SAI1700338','112','A121-97512','REINF. FR SEAT CUSHION RH (D01200310)','39',NULL,'4','','FG1','0','','0','0','67','1','0',0),
SAI1700339	113	A416-97501-A	HANGER FR SEAT CUSH SPRING (D01203110)	39	NULL	4		FG1	0		0	0	67	1	0	0	('SAI1700339','113','A416-97501-A','HANGER FR SEAT CUSH SPRING (D01203110)','39',NULL,'4','','FG1','0','','0','0','67','1','0',0),
SAI1700340	114	A337-97509	PLATE RR SEAT LEG (D01202600)	39	NULL	4		FG1	0		0	0	67	1	0	0	('SAI1700340','114','A337-97509','PLATE RR SEAT LEG (D01202600)','39',NULL,'4','','FG1','0','','0','0','67','1','0',0),
SAI1700341	115	A122-87606	BRACKET, FR SEAT CUSH INNER	39	NULL	4		FG1	0		0	0	67	1	0	0	('SAI1700341','115','A122-87606','BRACKET, FR SEAT CUSH INNER','39',NULL,'4','','FG1','0','','0','0','67','1','0',0),
SAI1700342	116	B751-97504	BRACKET SPRING SUPPORT (D01203900)	39	NULL	4		FG1	0		0	0	67	1	0	0	('SAI1700342','116','B751-97504','BRACKET SPRING SUPPORT (D01203900)','39',NULL,'4','','FG1','0','','0','0','67','1','0',0),
SAI1700343	117	A163-97504	BRKT FR SEAT BACK SUPPORT ( D1201700 )	39	NULL	4		FG1	0		0	0	67	1	0	0	('SAI1700343','117','A163-97504','BRKT FR SEAT BACK SUPPORT ( D1201700 )','39',NULL,'4','','FG1','0','','0','0','67','1','0',0),
SAI1700344	118	A334-97503	BRACKET RR SEAT CUSH LINK LH	39	NULL	4		FG1	0		0	0	67	1	0	0	('SAI1700344','118','A334-97503','BRACKET RR SEAT CUSH LINK LH','39',NULL,'4','','FG1','0','','0','0','67','1','0',0),
SAI1700345	119	A254-87406	REINF. RR SEAT BACK LH (F01200200)	39	NULL	4		FG1	0		0	0	67	1	0	0	('SAI1700345','119','A254-87406','REINF. RR SEAT BACK LH (F01200200)','39',NULL,'4','','FG1','0','','0','0','67','1','0',0),
SAI1700346	120	A347-97502	BRACKET RR SEAT LINK LH	39	NULL	4		FG1	0		0	0	67	1	0	0	('SAI1700346','120','A347-97502','BRACKET RR SEAT LINK LH','39',NULL,'4','','FG1','0','','0','0','67','1','0',0),
SAI1700347	121	A164-97501-C	BKT FR SEAT BACK SUPPORT LH (D01205230)	39	NULL	4		FG1	0		0	0	67	1	0	0	('SAI1700347','121','A164-97501-C','BKT FR SEAT BACK SUPPORT LH (D01205230)','39',NULL,'4','','FG1','0','','0','0','67','1','0',0),
SAI1700348	122	A218-97511-C	REINF. RR SEAT CUSH SIDE RH (D01201930)	39	NULL	4		FG1	0		0	0	67	1	0	0	('SAI1700348','122','A218-97511-C','REINF. RR SEAT CUSH SIDE RH (D01201930)','39',NULL,'4','','FG1','0','','0','0','67','1','0',0),
SAI1700349	123	A339-97519	BRACKET RR SEAT CUSH LEG RR RH	39	NULL	4		FG1	0		0	0	67	1	0	0	('SAI1700349','123','A339-97519','BRACKET RR SEAT CUSH LEG RR RH','39',NULL,'4','','FG1','0','','0','0','67','1','0',0),
SAI1700350	124	A161-97505	BRKT FR SEAT BACK ( D01201400 )	39	NULL	4		FG1	0		0	0	67	1	0	0	('SAI1700350','124','A161-97505','BRKT FR SEAT BACK ( D01201400 )','39',NULL,'4','','FG1','0','','0','0','67','1','0',0),
SAI1700351	125	A122-97506	REINF. FR SEAT CUSHION LH (D01200600)	39	NULL	4		FG1	0		0	0	67	1	0	0	('SAI1700351','125','A122-97506','REINF. FR SEAT CUSHION LH (D01200600)','39',NULL,'4','','FG1','0','','0','0','67','1','0',0),
SAI1700352	126	A219-97507	REINF. RR SEAT CUSH SIDE LH (D01202100)	39	NULL	4		FG1	0		0	0	67	1	0	0	('SAI1700352','126','A219-97507','REINF. RR SEAT CUSH SIDE LH (D01202100)','39',NULL,'4','','FG1','0','','0','0','67','1','0',0),
SAI1700353	127	A243-97530	BRACKET RR SEAT LEG LINK	39	NULL	4		FG1	0		0	0	67	1	0	0	('SAI1700353','127','A243-97530','BRACKET RR SEAT LEG LINK','39',NULL,'4','','FG1','0','','0','0','67','1','0',0),
SAI1700354	128	A224-87602	PATCH	39	NULL	4		FG1	0		0	0	67	1	0	0	('SAI1700354','128','A224-87602','PATCH','39',NULL,'4','','FG1','0','','0','0','67','1','0',0),
SAI1700355	129	B515-97502	ARM RECLINING ADJUSTER RELEASE RH (D01203600)	39	NULL	4		FG1	0		0	0	67	1	0	0	('SAI1700355','129','B515-97502','ARM RECLINING ADJUSTER RELEASE RH (D01203600)','39',NULL,'4','','FG1','0','','0','0','67','1','0',0),
SAI1700356	130	A121-97513	BRACKET FR SEAT CUSHION RH (D01200400)	39	NULL	4		FG1	0		0	0	67	1	0	0	('SAI1700356','130','A121-97513','BRACKET FR SEAT CUSHION RH (D01200400)','39',NULL,'4','','FG1','0','','0','0','67','1','0',0),
SAI1700357	131	B516-97502	ARMREST ADJ RELEASE LH (D01206000)	39	NULL	4		FG1	0		0	0	67	1	0	0	('SAI1700357','131','B516-97502','ARMREST ADJ RELEASE LH (D01206000)','39',NULL,'4','','FG1','0','','0','0','67','1','0',0),
SAI1700358	132	A154-97503 (RI)	REINF. FR SEAT BACK FRAME LH (D01201100)	39	NULL	4		FG1	0		0	0	67	1	0	0	('SAI1700358','132','A154-97503 (RI)','REINF. FR SEAT BACK FRAME LH (D01201100)','39',NULL,'4','','FG1','0','','0','0','67','1','0',0),
SAI1700359	133	A322-97503-A	HINGE SEAT FEMALE (D01202510)	39	NULL	4		FG1	0		0	0	67	1	0	0	('SAI1700359','133','A322-97503-A','HINGE SEAT FEMALE (D01202510)','39',NULL,'4','','FG1','0','','0','0','67','1','0',0),
SAI1700360	134	63220-77M00	STRENGTH COMP, SIDE SILL, R	39	NULL	4		FG1	0		0	0	67	1	1	0	('SAI1700360','134','63220-77M00','STRENGTH COMP, SIDE SILL, R','39',NULL,'4','','FG1','0','','0','0','67','1','1',0),
SAI1700208	4	3127010100	DRVE PLATE (O9G)	35	NULL	4		FG3	0		0	0	67	1	0	0	('SAI1700208','4','3127010100','DRVE PLATE (O9G)','35',NULL,'4','','FG3','0','','0','0','67','1','0',0),
SAI1700209	5	7506768000	DRVN PLATE	35	NULL	4		FG3	0		0	0	67	1	0	0	('SAI1700209','5','7506768000','DRVN PLATE','35',NULL,'4','','FG3','0','','0','0','67','1','0',0),
SAI1700210	6	1001185010T	CLUTCH COVER ( D38 LOGO D )	35	NULL	4		FG3	0		0	0	67	1	0	0	('SAI1700210','6','1001185010T','CLUTCH COVER ( D38 LOGO D )','35',NULL,'4','','FG3','0','','0','0','67','1','0',0),
SAI1700211	7	3110020220	SH PLATE B (LAMA)	35	NULL	4		FG3	0		0	0	67	1	0	0	('SAI1700211','7','3110020220','SH PLATE B (LAMA)','35',NULL,'4','','FG3','0','','0','0','67','1','0',0),
SAI1700212	8	3114020250	SH PLATE E (LAMA)	35	NULL	4		FG3	0		0	0	67	1	0	0	('SAI1700212','8','3114020250','SH PLATE E (LAMA)','35',NULL,'4','','FG3','0','','0','0','67','1','0',0),
SAI1700213	9	3114020250	SH PLATE E (LAMA)	35	NULL	4		FG3	0		0	0	67	1	1	0	('SAI1700213','9','3114020250','SH PLATE E (LAMA)','35',NULL,'4','','FG3','0','','0','0','67','1','1',0),
SAI1700214	10	3118020230	SH PLATE C (01W)	35	NULL	4		FG3	0		0	0	67	1	0	0	('SAI1700214','10','3118020230','SH PLATE C (01W)','35',NULL,'4','','FG3','0','','0','0','67','1','0',0),
SAI1700215	11	3B36010110	DRVE PLATE (X45)	35	NULL	4		FG3	0		0	0	67	1	0	0	('SAI1700215','11','3B36010110','DRVE PLATE (X45)','35',NULL,'4','','FG3','0','','0','0','67','1','0',0),
SAI1700216	12	3118020220	SH PLATE B (01W)	35	NULL	4		FG3	0		0	0	67	1	0	0	('SAI1700216','12','3118020220','SH PLATE B (01W)','35',NULL,'4','','FG3','0','','0','0','67','1','0',0),
SAI1700217	13	3118020240	SH PLATE D (01W)	35	NULL	4		FG3	0		0	0	67	1	0	0	('SAI1700217','13','3118020240','SH PLATE D (01W)','35',NULL,'4','','FG3','0','','0','0','67','1','0',0),
SAI1700218	14	3114020230	SH PLATE C (LAMA)	35	NULL	4		FG3	0		0	0	67	1	0	0	('SAI1700218','14','3114020230','SH PLATE C (LAMA)','35',NULL,'4','','FG3','0','','0','0','67','1','0',0),
SAI1700219	15	3239030000	OUTER COVER	35	NULL	4		FG3	0		0	0	67	1	0	0	('SAI1700219','15','3239030000','OUTER COVER','35',NULL,'4','','FG3','0','','0','0','67','1','0',0),
SAI1700220	16	1001185000T	C COVER(TANPA LOGO)	35	NULL	4		FG3	0		0	0	67	1	0	0	('SAI1700220','16','1001185000T','C COVER(TANPA LOGO)','35',NULL,'4','','FG3','0','','0','0','67','1','0',0),
SAI1700221	17	3239010000	CL OUTER	35	NULL	4		FG3	0		0	0	67	1	0	0	('SAI1700221','17','3239010000','CL OUTER','35',NULL,'4','','FG3','0','','0','0','67','1','0',0),
SAI1700222	18	1001569001T	C COVER (CARRY)	35	NULL	4		FG3	0		0	0	67	1	0	0	('SAI1700222','18','1001569001T','C COVER (CARRY)','35',NULL,'4','','FG3','0','','0','0','67','1','0',0),
SAI1700223	19	1001485001L	CLUTCH COVER(FUTURA)	35	NULL	4		FG3	0		0	0	67	1	0	0	('SAI1700223','19','1001485001L','CLUTCH COVER(FUTURA)','35',NULL,'4','','FG3','0','','0','0','67','1','0',0),
SAI1700224	20	3110020210	SH PLATE A(LAMA)	35	NULL	4		FG3	0		0	0	67	1	0	0	('SAI1700224','20','3110020210','SH PLATE A(LAMA)','35',NULL,'4','','FG3','0','','0','0','67','1','0',0),
SAI1700225	21	3118020210	SH PLATE A (01W)	35	NULL	4		FG3	0		0	0	67	1	0	0	('SAI1700225','21','3118020210','SH PLATE A (01W)','35',NULL,'4','','FG3','0','','0','0','67','1','0',0),
SAI1700226	22	3118020250	SH PLATE E (01W)	35	NULL	4		FG3	0		0	0	67	1	0	0	('SAI1700226','22','3118020250','SH PLATE E (01W)','35',NULL,'4','','FG3','0','','0','0','67','1','0',0),
SAI1700001	1	5251D430	REINF,BACKBONE LWR	549	NULL	10009	PALLET 6605	FG3	100	LOCATE A	1	0	67	1	1	NULL	('SAI1700001','1','5251D430','REINF,BACKBONE LWR','549',NULL,'10009','PALLET 6605','FG3','100','LOCATE A','1','0','67','1','1',NULL),
SAI1700002	2	5220K733	REINF.ASS''Y FR S/MBR RR UPR LH	549	NULL	10009		FG1	100		1	0	67	1	1	NULL	('SAI1700002','2','5220K733','REINF.ASS''Y FR S/MBR RR UPR LH','549',NULL,'10009','','FG1','100','','1','0','67','1','1',NULL),
SAI1700003	1	1001185010L	CLUTCH COVER ( D38 LOGO D )	35	NULL	4	A	FG1	10	LOCATE A	1	0	67	1	0	NULL	('SAI1700003','1','1001185010L','CLUTCH COVER ( D38 LOGO D )','35',NULL,'4','A','FG1','10','LOCATE A','1','0','67','1','0',NULL),
SAI1700004	2	CONTOH 123	CONTOH	35	NULL	4	PALLET A	FG1	100	A	1	0	67	1	1	NULL	('SAI1700004','2','CONTOH 123','CONTOH','35',NULL,'4','PALLET A','FG1','100','A','1','0','67','1','1',NULL),
SAI1700005	1	DVSD	SDVSD	95	NULL	3		FG2	0		1	0	67	1	1	NULL	('SAI1700005','1','DVSD','SDVSD','95',NULL,'3','','FG2','0','','1','0','67','1','1',NULL),
SAI1700006	1	MZ331016	AUDIO DOUBLE DIN	0	NULL	4		FG1	0		1	0	67	1	0	NULL	('SAI1700006','1','MZ331016','AUDIO DOUBLE DIN','0',NULL,'4','','FG1','0','','1','0','67','1','0',NULL),
SAI1700007	3	TES	TOS	35	NULL	5		FG1	0		1	0	67	1	1	NULL	('SAI1700007','3','TES','TOS','35',NULL,'5','','FG1','0','','1','0','67','1','1',NULL),
SAI1700008	3	5251D430	REINF,BACKBONE LWR	549	NULL	10009	PTYPE S	FG3	60	CORIDOR AB	1	0	67	1	1	NULL	('SAI1700008','3','5251D430','REINF,BACKBONE LWR','549',NULL,'10009','PTYPE S','FG3','60','CORIDOR AB','1','0','67','1','1',NULL),
SAI1700009	1	5251D430	REINF,BACKBONE LWR	549	NULL	10009	PTYPE S	FG3	60	CORIDOR AB	1	0	50509	1	1	NULL	('SAI1700009','1','5251D430','REINF,BACKBONE LWR','549',NULL,'10009','PTYPE S','FG3','60','CORIDOR AB','1','0','50509','1','1',NULL),
SAI1700010	2	5251D430	REINF,BACKBONE LWR	549	NULL	10009	PTYPE S	FG3	60	CORIDOR AB	1	0	50509	1	1	NULL	('SAI1700010','2','5251D430','REINF,BACKBONE LWR','549',NULL,'10009','PTYPE S','FG3','60','CORIDOR AB','1','0','50509','1','1',NULL),
SAI1700011	1	5251D430	REINF,BACKBONE LWR	549	NULL	10009	PTYPE S	FG3	60		1	0	50509	1	1	NULL	('SAI1700011','1','5251D430','REINF,BACKBONE LWR','549',NULL,'10009','PTYPE S','FG3','60','','1','0','50509','1','1',NULL),
SAI1700012	2	5251D430	REINF,BACKBONE LWR	549	NULL	10009	PTYPE S	FG3	60		1	0	50509	1	1	NULL	('SAI1700012','2','5251D430','REINF,BACKBONE LWR','549',NULL,'10009','PTYPE S','FG3','60','','1','0','50509','1','1',NULL),
SAI1700013	1	5251D430	REINF,BACKBONE LWR	549	NULL	10009	PTYPE S	FG3	60		1	0	50509	1	1	NULL	('SAI1700013','1','5251D430','REINF,BACKBONE LWR','549',NULL,'10009','PTYPE S','FG3','60','','1','0','50509','1','1',NULL),
SAI1700014	2	5220K733	REINF ASSY,FR S/MBR,RR UPR LH	549	NULL	10009	PTYPE S	FG3	60		1	0	50509	1	1	NULL	('SAI1700014','2','5220K733','REINF ASSY,FR S/MBR,RR UPR LH','549',NULL,'10009','PTYPE S','FG3','60','','1','0','50509','1','1',NULL),
SAI1700015	1	5251D430	REINF,BACKBONE LWR	549	NULL	10009	PTYPE S	FG3	45	CORIDOR AB	1	0	50509	1	0	NULL	('SAI1700015','1','5251D430','REINF,BACKBONE LWR','549',NULL,'10009','PTYPE S','FG3','45','CORIDOR AB','1','0','50509','1','0',NULL),
SAI1700016	2	5220K733	REINF ASSY,FR S/MBR,RR UPR LH	549	NULL	10009	PTYPE S	FG3	30	CORIDOR AB	1	0	67	1	0	0	('SAI1700016','2','5220K733','REINF ASSY,FR S/MBR,RR UPR LH','549',NULL,'10009','PTYPE S','FG3','30','CORIDOR AB','1','0','67','1','0',0),
SAI1700017	3	5220K734	REINF ASSY,FR S/MBR,RR UPR RH	549	NULL	10009	PTYPE S	FG3	30	CORIDOR AB	1	0	50509	1	0	NULL	('SAI1700017','3','5220K734','REINF ASSY,FR S/MBR,RR UPR RH','549',NULL,'10009','PTYPE S','FG3','30','CORIDOR AB','1','0','50509','1','0',NULL),
SAI1700018	4	5251D432	REINF ASSY,BACKBONE	549	NULL	10009	PTYPE S	FG3	20	CORIDOR AB	1	0	50509	1	0	NULL	('SAI1700018','4','5251D432','REINF ASSY,BACKBONE','549',NULL,'10009','PTYPE S','FG3','20','CORIDOR AB','1','0','50509','1','0',NULL),
SAI1700019	5	5253BH43	BRKTASSY, FR SEAT SIDE,RR    LH	549	NULL	10009	PTYPE S	FG3	20	CORIDOR AB	0	0	50509	1	0	NULL	('SAI1700019','5','5253BH43','BRKTASSY, FR SEAT SIDE,RR    LH','549',NULL,'10009','PTYPE S','FG3','20','CORIDOR AB','0','0','50509','1','0',NULL),
SAI1700020	6	5253BH44	BRKT ASSY, FR SEAT SIDE,RR   RH	549	NULL	10009	PTYPE S	FG3	20	CORIDOR AB	1	0	50509	1	0	NULL	('SAI1700020','6','5253BH44','BRKT ASSY, FR SEAT SIDE,RR   RH','549',NULL,'10009','PTYPE S','FG3','20','CORIDOR AB','1','0','50509','1','0',NULL),
SAI1700021	7	5253AG85	C/MBR ASSY,RR FLOOR (A)	549	NULL	10009	PTYPE S	FG3	45	CORIDOR AB	1	0	50509	1	0	NULL	('SAI1700021','7','5253AG85','C/MBR ASSY,RR FLOOR (A)','549',NULL,'10009','PTYPE S','FG3','45','CORIDOR AB','1','0','50509','1','0',NULL),
SAI1700022	8	5253AD61	C/MBR ASSY,RR SEAT	549	NULL	10009	PTYPE L	FG3	15	CORIDOR AB	1	0	50509	1	0	NULL	('SAI1700022','8','5253AD61','C/MBR ASSY,RR SEAT','549',NULL,'10009','PTYPE L','FG3','15','CORIDOR AB','1','0','50509','1','0',NULL),
SAI1700023	9	5253AG89	S/MBR ASSY,RR FLOOR LH	549	NULL	10009	SP	FG3	6	CORIDOR AB	1	0	50509	1	0	NULL	('SAI1700023','9','5253AG89','S/MBR ASSY,RR FLOOR LH','549',NULL,'10009','SP','FG3','6','CORIDOR AB','1','0','50509','1','0',NULL),
SAI1700024	10	5253AG90	S/MBR ASSY,RR FLOOR RH	549	NULL	10009	SP	FG3	6	CORIDOR AB	1	0	50509	1	0	NULL	('SAI1700024','10','5253AG90','S/MBR ASSY,RR FLOOR RH','549',NULL,'10009','SP','FG3','6','CORIDOR AB','1','0','50509','1','0',NULL),
SAI1700025	11	5253AL32	C/MBR,ASSY R/FLR(B)	549	NULL	10009	PTYPE M	FG3	30	CORIDOR AB	1	0	50509	1	0	NULL	('SAI1700025','11','5253AL32','C/MBR,ASSY R/FLR(B)','549',NULL,'10009','PTYPE M','FG3','30','CORIDOR AB','1','0','50509','1','0',NULL),
SAI1700026	12	5253AL46	EXT,ASSY RR FLOOR	549	NULL	10009	SP	FG3	20	CORIDOR AB	1	0	50509	1	0	NULL	('SAI1700026','12','5253AL46','EXT,ASSY RR FLOOR','549',NULL,'10009','SP','FG3','20','CORIDOR AB','1','0','50509','1','0',NULL),
SAI1700027	13	5253AD65	C/MBR,ASSY,RR FLR END	549	NULL	10009	PTYPE M	FG3	30	CORIDOR AB	1	0	50509	1	0	NULL	('SAI1700027','13','5253AD65','C/MBR,ASSY,RR FLR END','549',NULL,'10009','PTYPE M','FG3','30','CORIDOR AB','1','0','50509','1','0',NULL),
SAI1700028	14	5253AJ82	C/MBR, R/FLR(C)	549	NULL	10009	PTYPE M	FG3	90	CORIDOR AB	1	0	50509	1	0	NULL	('SAI1700028','14','5253AJ82','C/MBR, R/FLR(C)','549',NULL,'10009','PTYPE M','FG3','90','CORIDOR AB','1','0','50509','1','0',NULL),
SAI1700029	15	5257A810	BRKT ASSY,RR SHIPPING HOOK	549	NULL	10009	PTYPE S	FG3	20	CORIDOR AB	1	0	50509	1	0	NULL	('SAI1700029','15','5257A810','BRKT ASSY,RR SHIPPING HOOK','549',NULL,'10009','PTYPE S','FG3','20','CORIDOR AB','1','0','50509','1','0',NULL),
SAI1700030	16	5253AJ62	BRKT,3RD SEAT, SIDE RR RH	549	NULL	10009		FG3	0		1	0	50509	1	1	NULL	('SAI1700030','16','5253AJ62','BRKT,3RD SEAT, SIDE RR RH','549',NULL,'10009','','FG3','0','','1','0','50509','1','1',NULL),
SAI1700031	16	5253AJ61	BRKT,3RD SEAT, SIDE RR LH	549	NULL	10009		FG3	0	CORIDOR AB	1	0	50509	1	0	NULL	('SAI1700031','16','5253AJ61','BRKT,3RD SEAT, SIDE RR LH','549',NULL,'10009','','FG3','0','CORIDOR AB','1','0','50509','1','0',NULL),
SAI1700032	17	5253AJ62	BRKT,3RD SEAT, SIDE RR RH	549	NULL	10009		FG3	0	CORIDOR AB	1	0	50509	1	0	NULL	('SAI1700032','17','5253AJ62','BRKT,3RD SEAT, SIDE RR RH','549',NULL,'10009','','FG3','0','CORIDOR AB','1','0','50509','1','0',NULL),
SAI1700033	18	5253AK94	BRKT, SPARE TIRE	549	NULL	10009		FG3	0	CORIDOR AB	1	0	50509	1	0	NULL	('SAI1700033','18','5253AK94','BRKT, SPARE TIRE','549',NULL,'10009','','FG3','0','CORIDOR AB','1','0','50509','1','0',NULL),
SAI1700034	19	5253AJ90	REINF ASSY, 3RD SEAT,BELT, CTR	549	NULL	10009	PTYPE S	FG3	150	CORIDOR AB	1	0	50509	1	0	NULL	('SAI1700034','19','5253AJ90','REINF ASSY, 3RD SEAT,BELT, CTR','549',NULL,'10009','PTYPE S','FG3','150','CORIDOR AB','1','0','50509','1','0',NULL),
SAI1700035	20	5253AL09	REINF,2ND SEAT STRIKKER,INR	549	NULL	10009		FG3	0	CORIDOR AB	1	0	50509	1	0	NULL	('SAI1700035','20','5253AL09','REINF,2ND SEAT STRIKKER,INR','549',NULL,'10009','','FG3','0','CORIDOR AB','1','0','50509','1','0',NULL),
SAI1700036	21	5253AU33	BRKT,3RD SEAT,SIDE FR LH	549	NULL	10009		FG3	0	CORIDOR AB	1	0	50509	1	0	NULL	('SAI1700036','21','5253AU33','BRKT,3RD SEAT,SIDE FR LH','549',NULL,'10009','','FG3','0','CORIDOR AB','1','0','50509','1','0',NULL),
SAI1700037	22	5253AU34	BRKT,3RD SEAT,SIDE FR RH	549	NULL	10009		FG3	0	CORIDOR AB	1	0	50509	1	0	NULL	('SAI1700037','22','5253AU34','BRKT,3RD SEAT,SIDE FR RH','549',NULL,'10009','','FG3','0','CORIDOR AB','1','0','50509','1','0',NULL),
SAI1700038	23	5290D311	RAIL,ROOF SIDE INR LH	549	NULL	10009	PTYPE L	FG3	72	CORIDOR AB	1	0	50509	1	0	NULL	('SAI1700038','23','5290D311','RAIL,ROOF SIDE INR LH','549',NULL,'10009','PTYPE L','FG3','72','CORIDOR AB','1','0','50509','1','0',NULL),
SAI1700039	24	5290D312	RAIL,ROOF SIDE INR RH	549	NULL	10009	PTYPE L	FG3	72	CORIDOR AB	1	0	50509	1	0	NULL	('SAI1700039','24','5290D312','RAIL,ROOF SIDE INR RH','549',NULL,'10009','PTYPE L','FG3','72','CORIDOR AB','1','0','50509','1','0',NULL),
SAI1700040	25	5230G217	FRAME,UPR OTR   LH	549	NULL	10009	TYPE S	FG3	20	CORIDOR AB	1	0	50509	1	0	NULL	('SAI1700040','25','5230G217','FRAME,UPR OTR   LH','549',NULL,'10009','TYPE S','FG3','20','CORIDOR AB','1','0','50509','1','0',NULL),
SAI1700041	26	5230G218	FRAME,UPR OTR   RH	549	NULL	10009	TYPE S	FG3	20	CORIDOR AB	1	0	50509	1	0	NULL	('SAI1700041','26','5230G218','FRAME,UPR OTR   RH','549',NULL,'10009','TYPE S','FG3','20','CORIDOR AB','1','0','50509','1','0',NULL),
SAI1700042	27	5305A769	PANEL ASSY,RR W / HSE INR LH	549	NULL	10009	PYTYPE L	FG3	15	CORIDOR AB	1	0	50509	1	0	NULL	('SAI1700042','27','5305A769','PANEL ASSY,RR W / HSE INR LH','549',NULL,'10009','PYTYPE L','FG3','15','CORIDOR AB','1','0','50509','1','0',NULL),
SAI1700043	28	5305A770	PANEL ASSY,RR W / HSE INR RH	549	NULL	10009	PTYPE L	FG3	15	CORIDOR AB	1	0	50509	1	0	NULL	('SAI1700043','28','5305A770','PANEL ASSY,RR W / HSE INR RH','549',NULL,'10009','PTYPE L','FG3','15','CORIDOR AB','1','0','50509','1','0',NULL),
SAI1700044	29	5313B265	REINF ASSY, RR PILLAR LH	549	NULL	10009	PTYPE M	FG3	20	CORIDOR AB	1	0	50509	1	0	NULL	('SAI1700044','29','5313B265','REINF ASSY, RR PILLAR LH','549',NULL,'10009','PTYPE M','FG3','20','CORIDOR AB','1','0','50509','1','0',NULL),
SAI1700045	30	5313B266	REINF ASSY, RR PILLAR RH	549	NULL	10009	PTYPE M	FG3	20	CORIDOR AB	1	0	50509	1	0	NULL	('SAI1700045','30','5313B266','REINF ASSY, RR PILLAR RH','549',NULL,'10009','PTYPE M','FG3','20','CORIDOR AB','1','0','50509','1','0',NULL),
SAI1700046	31	5220K750	BRKT,FR FENDER	549	NULL	10009		FG3	0	CORIDOR AB	1	0	50509	1	0	NULL	('SAI1700046','31','5220K750','BRKT,FR FENDER','549',NULL,'10009','','FG3','0','CORIDOR AB','1','0','50509','1','0',NULL),
SAI1700047	32	5301H415	PANEL ASY QTR INR LWR FR LH	549	NULL	10009	PTYPE S	FG3	18	CORIDOR AB	1	0	50509	1	0	NULL	('SAI1700047','32','5301H415','PANEL ASY QTR INR LWR FR LH','549',NULL,'10009','PTYPE S','FG3','18','CORIDOR AB','1','0','50509','1','0',NULL),
SAI1700048	33	5301H416	PANEL ASY QTR INR LWR FR RH	549	NULL	10009	PTYPE S	FG3	18	CORIDOR AB	1	0	50509	1	0	NULL	('SAI1700048','33','5301H416','PANEL ASY QTR INR LWR FR RH','549',NULL,'10009','PTYPE S','FG3','18','CORIDOR AB','1','0','50509','1','0',NULL),
SAI1700049	34	5314A779	REINF,3RD S/BELT, LWR   LH	549	NULL	10009		FG3	0	CORIDOR AB	1	0	50509	1	0	NULL	('SAI1700049','34','5314A779','REINF,3RD S/BELT, LWR   LH','549',NULL,'10009','','FG3','0','CORIDOR AB','1','0','50509','1','0',NULL),
SAI1700050	35	5314A780	REINF,3RD S/BELT,LWR    RH	549	NULL	10009		FG3	0	CORIDOR AB	1	0	50509	1	0	NULL	('SAI1700050','35','5314A780','REINF,3RD S/BELT,LWR    RH','549',NULL,'10009','','FG3','0','CORIDOR AB','1','0','50509','1','0',NULL),
SAI1700051	36	5290D322	BOW,ROOF,CTR	549	NULL	10009	PTYPE L	FG3	70	CORIDOR AB	1	0	50509	1	0	NULL	('SAI1700051','36','5290D322','BOW,ROOF,CTR','549',NULL,'10009','PTYPE L','FG3','70','CORIDOR AB','1','0','50509','1','0',NULL),
SAI1700052	37	5290D323	BOW,ROOF,A	549	NULL	10009	PTYPE S	FG3	70	CORIDOR AB	1	0	50509	1	0	NULL	('SAI1700052','37','5290D323','BOW,ROOF,A','549',NULL,'10009','PTYPE S','FG3','70','CORIDOR AB','1','0','50509','1','0',NULL),
SAI1700053	38	5290D385	BOW,ROOF,C	549	NULL	10009	PTYPE S	FG3	70	CORIDOR AB	1	0	50509	1	0	NULL	('SAI1700053','38','5290D385','BOW,ROOF,C','549',NULL,'10009','PTYPE S','FG3','70','CORIDOR AB','1','0','50509','1','0',NULL),
SAI1700054	39	5290D326	RAIL ASSY ROOF RR	549	NULL	10009	PTYPE M	FG3	20		1	0	50509	1	0	NULL	('SAI1700054','39','5290D326','RAIL ASSY ROOF RR','549',NULL,'10009','PTYPE M','FG3','20','','1','0','50509','1','0',NULL),
SAI1700055	40	5290D396	BRKT,HOLDER	549	NULL	10009		FG3	0	CORIDOR AB	1	0	50509	1	0	NULL	('SAI1700055','40','5290D396','BRKT,HOLDER','549',NULL,'10009','','FG3','0','CORIDOR AB','1','0','50509','1','0',NULL),
SAI1700056	41	5290D397	BRKT,MAPLAMP	549	NULL	10009		FG3	0	CORIDOR AB	1	0	50509	1	0	NULL	('SAI1700056','41','5290D397','BRKT,MAPLAMP','549',NULL,'10009','','FG3','0','CORIDOR AB','1','0','50509','1','0',NULL),
SAI1700057	42	5290D384	BOW,ROOF,B	549	NULL	10009	PTYPE S	FG3	70	CORIDOR AB	1	0	50509	1	0	NULL	('SAI1700057','42','5290D384','BOW,ROOF,B','549',NULL,'10009','PTYPE S','FG3','70','CORIDOR AB','1','0','50509','1','0',NULL),
SAI1700058	43	5290D487	EXT,FR ROOF RAIL LH	549	NULL	10009		FG3	0	CORIDOR AB	1	0	50509	1	0	NULL	('SAI1700058','43','5290D487','EXT,FR ROOF RAIL LH','549',NULL,'10009','','FG3','0','CORIDOR AB','1','0','50509','1','0',NULL),
SAI1700059	44	5290D488	EXT,FR ROOF RAIL RH	549	NULL	10009		FG3	0	CORIDOR AB	1	0	50509	1	0	NULL	('SAI1700059','44','5290D488','EXT,FR ROOF RAIL RH','549',NULL,'10009','','FG3','0','CORIDOR AB','1','0','50509','1','0',NULL),
SAI1700060	45	5290D997	BOW ROOF D	549	NULL	10009	PTYPE S	FG3	70	CORIDOR AB	1	0	50509	1	0	NULL	('SAI1700060','45','5290D997','BOW ROOF D','549',NULL,'10009','PTYPE S','FG3','70','CORIDOR AB','1','0','50509','1','0',NULL),
SAI1700061	46	5301H196	GUSSET,SIDE ROOF RAIL	549	NULL	10008		FG3	0	CORIDOR AB	1	0	50509	1	0	NULL	('SAI1700061','46','5301H196','GUSSET,SIDE ROOF RAIL','549',NULL,'10008','','FG3','0','CORIDOR AB','1','0','50509','1','0',NULL),
SAI1700062	47	5220L701	REINF,STRUT HOUSE	549	NULL	10009		FG3	0	CORIDOR AB	1	0	50509	1	0	NULL	('SAI1700062','47','5220L701','REINF,STRUT HOUSE','549',NULL,'10009','','FG3','0','CORIDOR AB','1','0','50509','1','0',NULL),
SAI1700063	48	5360A263	STEP ASSY, SIDE, LH	549	NULL	10012	SP	FG3	15		1	0	50509	1	0	NULL	('SAI1700063','48','5360A263','STEP ASSY, SIDE, LH','549',NULL,'10012','SP','FG3','15','','1','0','50509','1','0',NULL),
SAI1700064	49	5360A264	STEP ASSY, SIDE, RH	549	NULL	10012	SP	FG3	15		1	0	50509	1	1	NULL	('SAI1700064','49','5360A264','STEP ASSY, SIDE, RH','549',NULL,'10012','SP','FG3','15','','1','0','50509','1','1',NULL),
SAI1700065	50	5360A264	STEP ASSY, SIDE, RH	549	NULL	10012	SP	FG3	15		1	0	50509	1	0	NULL	('SAI1700065','50','5360A264','STEP ASSY, SIDE, RH','549',NULL,'10012','SP','FG3','15','','1','0','50509','1','0',NULL),
SAI1700066	51	1584B185S	CONVERTER ASSY,CATALITYTIC FRONT	549	NULL	10012		FG3	0		1	0	50509	1	0	NULL	('SAI1700066','51','1584B185S','CONVERTER ASSY,CATALITYTIC FRONT','549',NULL,'10012','','FG3','0','','1','0','50509','1','0',NULL),
SAI1700067	1	TES	AJA	1	NULL	1	14	FG1	15	13	1	0	67	1	1	NULL	('SAI1700067','1','TES','AJA','1',NULL,'1','14','FG1','15','13','1','0','67','1','1',NULL),
SAI1700068	52	1571B745	MUFLER ASSY MAIN	549	NULL	10012	SP	FG3	15		1	0	50509	1	0	NULL	('SAI1700068','52','1571B745','MUFLER ASSY MAIN','549',NULL,'10012','SP','FG3','15','','1','0','50509','1','0',NULL),
SAI1700069	53	1571B746	MUFLER ASSY MAIN	549	NULL	10012	SP	FG3	15		1	0	50509	1	1	NULL	('SAI1700069','53','1571B746','MUFLER ASSY MAIN','549',NULL,'10012','SP','FG3','15','','1','0','50509','1','1',NULL),
SAI1700070	53	1571B746	MUFLER ASSY MAIN	549	NULL	10012	SP	FG3	15		1	0	50509	1	0	NULL	('SAI1700070','53','1571B746','MUFLER ASSY MAIN','549',NULL,'10012','SP','FG3','15','','1','0','50509','1','0',NULL),
SAI1700071	54	1570D217	PIPE ASSY,EXH CENTER	549	NULL	10012		FG3	0		1	0	50509	1	0	NULL	('SAI1700071','54','1570D217','PIPE ASSY,EXH CENTER','549',NULL,'10012','','FG3','0','','1','0','50509','1','0',NULL),
SAI1700072	55	1570D239	PIPE ASSY,EXH FRONT	549	NULL	10012		FG3	0		1	0	50509	1	1	NULL	('SAI1700072','55','1570D239','PIPE ASSY,EXH FRONT','549',NULL,'10012','','FG3','0','','1','0','50509','1','1',NULL),
SAI1700073	55	1570B240	PIPE ASSY,EXH CENTER	549	NULL	10012		FG3	0		1	0	50509	1	0	NULL	('SAI1700073','55','1570B240','PIPE ASSY,EXH CENTER','549',NULL,'10012','','FG3','0','','1','0','50509','1','0',NULL),
SAI1700074	56	1570D239	PIPE ASSY,EXH FRONT	549	NULL	10012		FG3	0		1	0	50509	1	0	NULL	('SAI1700074','56','1570D239','PIPE ASSY,EXH FRONT','549',NULL,'10012','','FG3','0','','1','0','50509','1','0',NULL),
SAI1700075	1	8982594530	"REINFORCEMET;CHECK ARM"	708	NULL	10011	PTYPE L	FG3	10		1	0	50509	1	0	NULL	"('SAI1700075','1','8982594530','REINFORCEMET;CHECK ARM','708',NULL,'10011','PTYPE L','FG3','10','','1','0','50509','1','0',NULL),"
SAI1700076	2	8982594690	"EXT;FRT PILLAR UP RH"	708	NULL	10011	PTYPE L	FG3	10		1	0	50509	1	0	NULL	"('SAI1700076','2','8982594690','EXT;FRT PILLAR UP RH','708',NULL,'10011','PTYPE L','FG3','10','','1','0','50509','1','0',NULL),"
SAI1700077	3	8982594700	"EXT;FRT PILLAR UP LH"	708	NULL	10011	PTYPE L	FG3	10		1	0	50509	1	0	NULL	"('SAI1700077','3','8982594700','EXT;FRT PILLAR UP LH','708',NULL,'10011','PTYPE L','FG3','10','','1','0','50509','1','0',NULL),"
SAI1700078	4	8982856520	"PATCH;CLSG,FRT PILLAR UPR"	708	NULL	10011	PTYPE L	FG3	10		1	0	50509	1	0	NULL	"('SAI1700078','4','8982856520','PATCH;CLSG,FRT PILLAR UPR','708',NULL,'10011','PTYPE L','FG3','10','','1','0','50509','1','0',NULL),"
SAI1700079	5	8982594750	"BRACKET;SUPPORT,INST DR"	708	NULL	10011	PTYPE L	FG3	5		1	0	50509	1	0	NULL	"('SAI1700079','5','8982594750','BRACKET;SUPPORT,INST DR','708',NULL,'10011','PTYPE L','FG3','5','','1','0','50509','1','0',NULL),"
SAI1700080	6	8982594770	"BRACKET;SUPPORT,INST PS"	708	NULL	10011	PTYPE L	FG3	5		1	0	50509	1	0	NULL	"('SAI1700080','6','8982594770','BRACKET;SUPPORT,INST PS','708',NULL,'10011','PTYPE L','FG3','5','','1','0','50509','1','0',NULL),"
SAI1700081	7	8982594720	"BRACKET;REINF FRT PNL RH"	708	NULL	10011	PTYPE L	FG3	5		1	0	50509	1	0	NULL	"('SAI1700081','7','8982594720','BRACKET;REINF FRT PNL RH','708',NULL,'10011','PTYPE L','FG3','5','','1','0','50509','1','0',NULL),"
SAI1700082	8	8982594730	"BRACKET;REINF FRT PNL LH"	708	NULL	10011	PYTPE L	FG3	5		1	0	50509	1	0	NULL	"('SAI1700082','8','8982594730','BRACKET;REINF FRT PNL LH','708',NULL,'10011','PYTPE L','FG3','5','','1','0','50509','1','0',NULL),"
SAI1700083	9	8982735200	"REINF;DOOR O/S HANDLE RH"	708	NULL	10011	PTYPE L	FG3	10		1	0	50509	1	0	NULL	"('SAI1700083','9','8982735200','REINF;DOOR O/S HANDLE RH','708',NULL,'10011','PTYPE L','FG3','10','','1','0','50509','1','0',NULL),"
SAI1700084	10	8982735210	"REINF;DOOR O/S HANDLE LH"	708	NULL	10011		FG3	0		1	0	50509	1	0	NULL	"('SAI1700084','10','8982735210','REINF;DOOR O/S HANDLE LH','708',NULL,'10011','','FG3','0','','1','0','50509','1','0',NULL),"
SAI1700085	11	8982859720	"ANTI DRUM;FRT DOOR RH"	708	NULL	10011	PTYPE L	FG3	4		1	0	50509	1	0	NULL	"('SAI1700085','11','8982859720','ANTI DRUM;FRT DOOR RH','708',NULL,'10011','PTYPE L','FG3','4','','1','0','50509','1','0',NULL),"
SAI1700086	12	8982594070	"ANTI DRUM;FRT DOOR LH"	708	NULL	10011	PTYPE L	FG3	4		1	0	50509	1	0	NULL	"('SAI1700086','12','8982594070','ANTI DRUM;FRT DOOR LH','708',NULL,'10011','PTYPE L','FG3','4','','1','0','50509','1','0',NULL),"
SAI1700087	1	123	123	1	NULL	2		FG1	0	ER	12	818	67	1	1	NULL	('SAI1700087','1','123','123','1',NULL,'2','','FG1','0','ER','12','818','67','1','1',NULL),
SAI1700088	13	8982594660	CLOSING FRT PLR UPR RH	708	NULL	10011	PTYPE L	FG3	0		1	0	50509	1	0	NULL	('SAI1700088','13','8982594660','CLOSING FRT PLR UPR RH','708',NULL,'10011','PTYPE L','FG3','0','','1','0','50509','1','0',NULL),
SAI1700090	15	8982594810	REINF S/BELT SHOULDER  LH	708	NULL	10011	L	FG3	0		1	0	50509	1	0	NULL	('SAI1700090','15','8982594810','REINF S/BELT SHOULDER  LH','708',NULL,'10011','L','FG3','0','','1','0','50509','1','0',NULL),
SAI1700091	16	8982594820	REINF S/BELT SHOULDER RH	708	NULL	10011	L	FG3	0		1	0	50509	1	0	NULL	('SAI1700091','16','8982594820','REINF S/BELT SHOULDER RH','708',NULL,'10011','L','FG3','0','','1','0','50509','1','0',NULL),
SAI1700092	17	8982594870	CLOSING RR PLR UPR  LH	708	NULL	10011		FG3	0		1	0	50509	1	0	NULL	('SAI1700092','17','8982594870','CLOSING RR PLR UPR  LH','708',NULL,'10011','','FG3','0','','1','0','50509','1','0',NULL),
SAI1700093	18	8982594880	CLOSING RR PLR UPR  RH	708	NULL	10011		FG3	0		1	0	50509	1	0	NULL	('SAI1700093','18','8982594880','CLOSING RR PLR UPR  RH','708',NULL,'10011','','FG3','0','','1','0','50509','1','0',NULL),
SAI1700094	19	8982594900	CANTRAIL SIDE FRT RH	708	NULL	10011		FG3	0		1	0	50509	1	0	NULL	('SAI1700094','19','8982594900','CANTRAIL SIDE FRT RH','708',NULL,'10011','','FG3','0','','1','0','50509','1','0',NULL),
SAI1700095	20	8982594910	CANTRAIL SIDE FRT LH	708	NULL	10011		FG3	0		1	0	50509	1	0	NULL	('SAI1700095','20','8982594910','CANTRAIL SIDE FRT LH','708',NULL,'10011','','FG3','0','','1','0','50509','1','0',NULL),
SAI1700096	21	8982586590	CLOSING RR PLR LWR LH	708	NULL	10011		FG3	0		1	0	50509	1	0	NULL	('SAI1700096','21','8982586590','CLOSING RR PLR LWR LH','708',NULL,'10011','','FG3','0','','1','0','50509','1','0',NULL),
SAI1700097	22	898258660	CLOSING RR PLR LWR RH	708	NULL	10011		FG3	0		1	0	50509	1	0	NULL	('SAI1700097','22','898258660','CLOSING RR PLR LWR RH','708',NULL,'10011','','FG3','0','','1','0','50509','1','0',NULL),
SAI1700098	1	23	234	1	NULL	2	234	FG1	234	2343	234	818	67	1	1	NULL	('SAI1700098','1','23','234','1',NULL,'2','234','FG1','234','2343','234','818','67','1','1',NULL),
SAI1700100	3	58650-68P10-000	CROSSMEMBER COMP,DASH UPPER,R	95	NULL	3		FG3	0		1	0	50509	1	1	NULL	('SAI1700100','3','58650-68P10-000','CROSSMEMBER COMP,DASH UPPER,R','95',NULL,'3','','FG3','0','','1','0','50509','1','1',NULL),
SAI1700112	1	58650-68P00-000	CROSS MEMBER COMP,DASH UPPER,R	95	NULL	10010		FG3	0		1	0	50509	1	0	NULL	('SAI1700112','1','58650-68P00-000','CROSS MEMBER COMP,DASH UPPER,R','95',NULL,'10010','','FG3','0','','1','0','50509','1','0',NULL),
SAI1700115	4	58750-52R00-000	CROSSMEMBER COMP,DASH UPPER,L	95	NULL	10010		FG3	0		1	0	50509	1	0	NULL	('SAI1700115','4','58750-52R00-000','CROSSMEMBER COMP,DASH UPPER,L','95',NULL,'10010','','FG3','0','','1','0','50509','1','0',NULL),
SAI1700116	5	59221-68P10-000	CROSSMEMBER,DASH UPPER CTR	95	NULL	10010		FG3	0		1	0	50509	1	0	NULL	('SAI1700116','5','59221-68P10-000','CROSSMEMBER,DASH UPPER CTR','95',NULL,'10010','','FG3','0','','1','0','50509','1','0',NULL),
SAI1700117	6	61130-73R00-000	BRACKET COMP,FR SEAT RR OUT,R	95	NULL	10010		FG3	0		1	0	50509	1	0	NULL	('SAI1700117','6','61130-73R00-000','BRACKET COMP,FR SEAT RR OUT,R','95',NULL,'10010','','FG3','0','','1','0','50509','1','0',NULL),
SAI1700119	8	61235-68P00-000	REINF,MAIN FLOOR INSIDE,R	95	NULL	10010		FG3	0		1	0	50509	1	0	NULL	('SAI1700119','8','61235-68P00-000','REINF,MAIN FLOOR INSIDE,R','95',NULL,'10010','','FG3','0','','1','0','50509','1','0',NULL),
SAI1700120	9	61285-68P00-000	REINF,MAIN FLOOR INSIDE,L	95	NULL	10010		FG3	0		1	0	50509	1	0	NULL	('SAI1700120','9','61285-68P00-000','REINF,MAIN FLOOR INSIDE,L','95',NULL,'10010','','FG3','0','','1','0','50509','1','0',NULL),
SAI1700124	13	63486-73R00	REINF WHEEL HOUSE OTR FR R	95	NULL	10010		FG3	0		1	0	50509	1	0	NULL	('SAI1700124','13','63486-73R00','REINF WHEEL HOUSE OTR FR R','95',NULL,'10010','','FG3','0','','1','0','50509','1','0',NULL),
SAI1700126	15	64132-73R00	REINF SHUT STOPPER R	95	NULL	10010		FG3	0		1	0	50509	1	0	NULL	('SAI1700126','15','64132-73R00','REINF SHUT STOPPER R','95',NULL,'10010','','FG3','0','','1','0','50509','1','0',NULL),
SAI1700127	16	64532-73R00	REINF SHUT STOPPER L	95	NULL	10010		FG3	0		1	0	50509	1	0	NULL	('SAI1700127','16','64532-73R00','REINF SHUT STOPPER L','95',NULL,'10010','','FG3','0','','1','0','50509','1','0',NULL),
SAI1700128	17	64133-73R00	RETAINER SHUT STOPER	95	NULL	10010		FG3	0		1	0	50509	1	0	NULL	('SAI1700128','17','64133-73R00','RETAINER SHUT STOPER','95',NULL,'10010','','FG3','0','','1','0','50509','1','0',NULL),
SAI1700130	19	61522-73R00	PANEL RR FLOOR SIDE RR R	95	NULL	10010		FG3	0		1	0	50509	1	0	NULL	('SAI1700130','19','61522-73R00','PANEL RR FLOOR SIDE RR R','95',NULL,'10010','','FG3','0','','1','0','50509','1','0',NULL),
SAI1700131	20	61572-73R00	PANEL RR FLOOR SIDE RR L	95	NULL	10010		FG3	0		1	0	50509	1	0	NULL	('SAI1700131','20','61572-73R00','PANEL RR FLOOR SIDE RR L','95',NULL,'10010','','FG3','0','','1','0','50509','1','0',NULL),
SAI1700132	21	57332-73R00	REINF FR HOOD HINGE RR R	95	NULL	10010		FG3	0		1	0	50509	1	0	NULL	('SAI1700132','21','57332-73R00','REINF FR HOOD HINGE RR R','95',NULL,'10010','','FG3','0','','1','0','50509','1','0',NULL),
SAI1700133	22	57337-73R00	REINF FR HOOD HINGE RR L	95	NULL	10010		FG3	0		1	0	50509	1	0	NULL	('SAI1700133','22','57337-73R00','REINF FR HOOD HINGE RR L','95',NULL,'10010','','FG3','0','','1','0','50509','1','0',NULL),
SAI1700134	23	65165-73R00	MEMBER ROOF PANEL CTR R NO 4	95	NULL	10010		FG3	0		1	0	50509	1	0	NULL	('SAI1700134','23','65165-73R00','MEMBER ROOF PANEL CTR R NO 4','95',NULL,'10010','','FG3','0','','1','0','50509','1','0',NULL),
SAI1700137	26	68174-73R00	SUPPORT FR DOOR UPPER REAR	95	NULL	10010		FG3	0		1	0	50509	1	0	NULL	('SAI1700137','26','68174-73R00','SUPPORT FR DOOR UPPER REAR','95',NULL,'10010','','FG3','0','','1','0','50509','1','0',NULL),
SAI1700138	27	63483-73R00	BRACKET RR LINING R	95	NULL	10010		FG3	0		1	0	50509	1	0	NULL	('SAI1700138','27','63483-73R00','BRACKET RR LINING R','95',NULL,'10010','','FG3','0','','1','0','50509','1','0',NULL),
SAI1700139	28	63883-73R00	BRACKET RR LINING L	95	NULL	10010		FG3	0		1	0	50509	1	0	NULL	('SAI1700139','28','63883-73R00','BRACKET RR LINING L','95',NULL,'10010','','FG3','0','','1','0','50509','1','0',NULL),
SAI1700140	29	63484-73R00	SUPPORT SIDE BODY OUTER R	95	NULL	10010		FG3	0		1	0	50509	1	0	NULL	('SAI1700140','29','63484-73R00','SUPPORT SIDE BODY OUTER R','95',NULL,'10010','','FG3','0','','1','0','50509','1','0',NULL),
SAI1700150	39	68721-73R00	REINF, REAR DOOR OUTER, L	95	NULL	10010		FG3	0		1	0	50509	1	0	NULL	('SAI1700150','39','68721-73R00','REINF, REAR DOOR OUTER, L','95',NULL,'10010','','FG3','0','','1','0','50509','1','0',NULL),
