1,1026,1701,92,1,3,NULL,2017-02-01 00:00:00,15744,NULL,Auto Tip Dresser (Merk Kyukuto) (Kyukuto CDK-BAYO),NULL,NULL,1,1,0,NULL,NULL,NULL,194,NULL,NULL,NULL,NULL,1,66,82,NULL,NULL
2,1026,1701,92,1,3,NULL,2017-02-01 00:00:00,15744,NULL,Auto Tip Dresser (Merk Kyukuto) (Kyukuto CDK-BAYO),NULL,0,12,12,0,0,NULL,NULL,0,NULL,NULL,NULL,NULL,1,66,82,NULL,NULL
3,1026,1701,92,1,3,NULL,2017-02-01 00:00:00,15744,NULL,Auto Tip Dresser (Merk Kyukuto) (Kyukuto CDK-BAYO),NULL,0,12,12,0,0,NULL,NULL,0,NULL,NULL,NULL,NULL,1,66,82,NULL,NULL
4,1026,1701,92,1,3,NULL,2017-02-01 00:00:00,15744,NULL,Auto Tip Dresser (Merk Kyukuto) (Kyukuto CDK-BAYO),NULL,0,1,1,0,0,NULL,NULL,0,NULL,NULL,NULL,NULL,1,66,82,NULL,NULL
5,1026,1701,92,1,3,NULL,2017-02-01 00:00:00,15744,NULL,Auto Tip Dresser (Merk Kyukuto) (Kyukuto CDK-BAYO),NULL,0,1,1,0,0,NULL,NULL,0,NULL,NULL,NULL,NULL,1,66,82,NULL,NULL
6,1026,1701,92,1,3,NULL,2017-02-01 00:00:00,15744,NULL,Auto Tip Dresser (Merk Kyukuto) (Kyukuto CDK-BAYO),NULL,0,12,12,0,0,NULL,NULL,0,NULL,NULL,NULL,NULL,1,66,82,NULL,NULL
7,1026,1701,92,1,3,NULL,2017-02-01 00:00:00,15744,NULL,Auto Tip Dresser (Merk Kyukuto) (Kyukuto CDK-BAYO),NULL,0,12,12,0,0,NULL,NULL,0,NULL,NULL,NULL,NULL,1,66,82,NULL,NULL
8,1026,1701,92,1,3,NULL,2017-02-01 00:00:00,15744,NULL,Auto Tip Dresser (Merk Kyukuto) (Kyukuto CDK-BAYO),NULL,0,1,1,0,0,NULL,NULL,0,NULL,NULL,NULL,NULL,1,66,82,NULL,NULL
9,1026,1705,69,1,9,NULL,2017-06-02 00:00:00,18315,NULL,Part 8982594660/4670 8982594810/4820 JSC440P 1x1400x1015,NULL,NULL,50,557.5,50,NULL,NULL,NULL,225,NULL,NULL,NULL,NULL,11.15,66,88,NULL,NULL
10,1026,1705,69,1,9,NULL,2017-06-02 00:00:00,18315,NULL,Part 8982594660/4670 8982594810/4820 JSC440P 1x1400x1253,NULL,0,50,688.5,50,0,NULL,NULL,225,NULL,NULL,NULL,NULL,13.77,66,88,NULL,NULL
11,1026,1705,69,1,10,NULL,2017-06-02 00:00:00,18316,NULL,Part 8982594870/4880 982594900/4910 8982586590/6600 JSC270D 0.8x1530x905,NULL,NULL,50,317.5,50,NULL,NULL,NULL,225,NULL,NULL,NULL,NULL,8.7,66,88,NULL,NULL
12,1026,1705,69,1,10,NULL,2017-06-02 00:00:00,18316,NULL,Part 8982594870/4880 982594900/4910 8982586590/6600 JSC270D 0.8x1219x1530,NULL,0,50,585.5,50,0,NULL,NULL,225,NULL,NULL,NULL,NULL,11.71,66,88,NULL,NULL
13,1026,1705,69,1,2,NULL,2017-06-02 00:00:00,18308,NULL,Part 8982594690/700 JSC270D 1.0x226x1300,NULL,NULL,35,80.85,0,NULL,NULL,NULL,225,NULL,NULL,NULL,NULL,2.31,66,88,NULL,NULL
14,1026,1705,69,1,2,NULL,2017-06-02 00:00:00,18315,NULL,Part 8982594660/4670 8982594810/4820 JSC440P 1x1400x1253,NULL,0,35,481.95,0,0,NULL,NULL,225,NULL,NULL,NULL,NULL,13.77,66,88,NULL,NULL
15,1026,1705,69,1,3,NULL,2017-06-02 00:00:00,18309,NULL,Part 8982594720/730 JSC270D 1.2x216x1300,NULL,NULL,30,79.5,0,NULL,NULL,NULL,225,NULL,NULL,NULL,NULL,2.65,66,88,NULL,NULL
16,1026,1705,69,1,3,NULL,2017-06-02 00:00:00,18316,NULL,Part 8982594870/4880 982594900/4910 8982586590/6600 JSC270D 0.8x1219x1530,NULL,0,30,351.3,0,0,NULL,NULL,225,NULL,NULL,NULL,NULL,11.71,66,88,NULL,NULL
17,1000,1710,51,3,1,NULL,2017-11-01 00:00:00,100340,22714,NULL,NULL,11099,662,662,662,NULL,NULL,NULL,NULL,NULL,NULL,NULL,NULL,NULL,NULL,NULL,NULL,NULL
19,1000,1710,51,3,1,NULL,2017-11-01 00:00:00,100340,22714,NULL,NULL,11099,662,662,662,NULL,NULL,NULL,NULL,NULL,NULL,NULL,NULL,NULL,NULL,NULL,NULL,NULL
20,1000,1710,51,3,1,NULL,2017-11-01 00:00:00,100340,22714,NULL,NULL,11099,662,662,662,NULL,NULL,NULL,NULL,NULL,NULL,NULL,NULL,NULL,NULL,NULL,NULL,NULL
21,1000,1710,51,3,1,NULL,2017-11-01 00:00:00,100340,22714,NULL,NULL,11099,100,1086.03,100,12053866.95,NULL,NULL,NULL,NULL,NULL,NULL,NULL,NULL,NULL,NULL,NULL,NULL
22,1000,1710,51,3,1,NULL,2017-11-01 00:00:00,100340,22714,NULL,NULL,11099,100,1086.03,100,12053866.95,NULL,NULL,NULL,NULL,NULL,NULL,NULL,NULL,NULL,NULL,NULL,NULL
23,1000,1710,51,3,1,NULL,2017-11-08 00:00:00,100340,22714,NULL,NULL,11099,100,1086.03,100,12053866.95,NULL,NULL,NULL,NULL,NULL,NULL,NULL,NULL,NULL,NULL,NULL,NULL
24,1000,1710,51,3,32,NULL,2017-11-01 00:00:00,NULL,NULL,NULL,NULL,NULL,NULL,NULL,0,NULL,NULL,NULL,NULL,NULL,NULL,NULL,NULL,NULL,NULL,NULL,NULL,NULL
25,1000,1710,51,3,32,NULL,2017-11-01 00:00:00,100340,NULL,NULL,NULL,0,123,1335.78,123,0,NULL,NULL,NULL,NULL,NULL,NULL,NULL,NULL,NULL,NULL,NULL,NULL
26,1000,1710,51,3,15,NULL,2017-11-01 00:00:00,NULL,NULL,NULL,NULL,NULL,NULL,NULL,0,NULL,NULL,NULL,NULL,NULL,NULL,NULL,NULL,NULL,NULL,NULL,NULL,NULL
27,1000,1710,51,3,15,NULL,2017-11-09 00:00:00,100340,NULL,NULL,NULL,0,0,0,0,0,NULL,NULL,NULL,NULL,NULL,NULL,NULL,NULL,NULL,NULL,NULL,NULL
28,1000,1710,51,3,16,NULL,2017-11-01 00:00:00,NULL,NULL,NULL,NULL,NULL,NULL,NULL,0,NULL,NULL,NULL,NULL,NULL,NULL,NULL,NULL,NULL,NULL,NULL,NULL,NULL
29,1000,1710,51,3,16,NULL,2017-11-01 00:00:00,100340,NULL,NULL,NULL,0,100,1086,100,0,NULL,NULL,NULL,NULL,NULL,NULL,NULL,NULL,NULL,NULL,NULL,NULL
30,1000,1710,51,3,15,NULL,2017-11-09 00:00:00,100340,NULL,NULL,NULL,0,0,0,0,0,NULL,NULL,NULL,NULL,NULL,NULL,NULL,NULL,NULL,NULL,NULL,NULL
31,1000,1710,51,3,15,NULL,2017-11-09 00:00:00,100340,NULL,NULL,NULL,0,100,1086.03,100,0,NULL,NULL,NULL,NULL,NULL,NULL,NULL,NULL,NULL,NULL,NULL,NULL
32,1000,1710,51,3,14,NULL,2017-11-01 00:00:00,NULL,NULL,NULL,NULL,NULL,NULL,NULL,0,NULL,NULL,NULL,NULL,NULL,NULL,NULL,NULL,NULL,NULL,NULL,NULL,NULL
33,1000,1710,51,3,14,NULL,2017-10-31 00:00:00,0,NULL,NULL,NULL,0,0,0,0,0,NULL,NULL,NULL,NULL,NULL,NULL,NULL,NULL,NULL,NULL,NULL,NULL
34,1000,1710,51,3,9,NULL,2017-11-01 00:00:00,22790,22789,NULL,NULL,11529,86,86,86,NULL,NULL,NULL,NULL,NULL,NULL,NULL,NULL,NULL,NULL,NULL,NULL,NULL
35,1000,1710,51,3,9,NULL,2017-11-14 00:00:00,100340,22789,NULL,NULL,11529,86,933.96,86,10767624.84,NULL,NULL,NULL,NULL,NULL,NULL,NULL,NULL,NULL,NULL,NULL,NULL
36,1000,1710,51,3,8,NULL,2017-11-01 00:00:00,22787,22788,NULL,NULL,11841,1373,1373,1373,NULL,NULL,NULL,NULL,NULL,NULL,NULL,NULL,NULL,NULL,NULL,NULL,NULL
37,1000,1710,51,3,8,NULL,2017-11-01 00:00:00,100340,22788,NULL,NULL,11841,1373,14910.78,1373,176558545.98,NULL,NULL,NULL,NULL,NULL,NULL,NULL,NULL,NULL,NULL,NULL,NULL
38,1000,1710,51,3,17,NULL,2017-11-01 00:00:00,NULL,NULL,NULL,NULL,NULL,NULL,NULL,0,NULL,NULL,NULL,NULL,NULL,NULL,NULL,NULL,NULL,NULL,NULL,NULL,NULL
39,1000,1710,51,3,17,NULL,2017-11-01 00:00:00,100340,NULL,NULL,NULL,0,0,0,0,0,NULL,NULL,NULL,NULL,NULL,NULL,NULL,NULL,NULL,NULL,NULL,NULL
40,1000,1710,51,3,17,NULL,2017-11-01 00:00:00,100340,NULL,NULL,NULL,0,0,0,0,0,NULL,NULL,NULL,NULL,NULL,NULL,NULL,NULL,NULL,NULL,NULL,NULL
41,1000,1710,51,3,17,NULL,2017-11-01 00:00:00,100340,NULL,NULL,NULL,0,100,1086,100,0,NULL,NULL,NULL,NULL,NULL,NULL,NULL,NULL,NULL,NULL,NULL,NULL
42,1000,1710,51,3,18,NULL,2017-11-01 00:00:00,NULL,NULL,NULL,NULL,NULL,NULL,NULL,0,NULL,NULL,NULL,NULL,NULL,NULL,NULL,NULL,NULL,NULL,NULL,NULL,NULL
43,1000,1710,51,3,18,NULL,2017-11-14 00:00:00,100340,NULL,NULL,NULL,0,200,2172,200,0,NULL,NULL,NULL,NULL,NULL,NULL,NULL,NULL,NULL,NULL,NULL,NULL
44,1000,1710,51,3,7,NULL,2017-11-01 00:00:00,22773,22774,NULL,NULL,11244,400,400,400,NULL,NULL,NULL,NULL,NULL,NULL,NULL,NULL,NULL,NULL,NULL,NULL,NULL
45,1000,1710,51,3,7,NULL,2017-11-01 00:00:00,100340,22774,NULL,NULL,11244,400,4344,400,48843936,NULL,NULL,NULL,NULL,NULL,NULL,NULL,NULL,NULL,NULL,NULL,NULL
46,1000,1710,51,3,6,NULL,2017-11-02 00:00:00,22761,22762,NULL,NULL,10816,1400,1400,1400,NULL,NULL,NULL,NULL,NULL,NULL,NULL,NULL,NULL,NULL,NULL,NULL,NULL
47,1000,1710,51,3,6,NULL,2017-11-02 00:00:00,100340,22762,NULL,NULL,10816,200,2172,200,23492352,NULL,NULL,NULL,NULL,NULL,NULL,NULL,NULL,NULL,NULL,NULL,NULL
48,1000,1710,48,1,3,NULL,2017-11-01 00:00:00,21760,21759,NULL,NULL,10438,1204,1204,1204,NULL,NULL,NULL,NULL,NULL,NULL,NULL,NULL,NULL,NULL,NULL,NULL,NULL
49,1000,1710,48,1,3,NULL,2017-11-01 00:00:00,100340,21759,NULL,NULL,10438,1200,13032,1200,136028016,NULL,NULL,NULL,NULL,NULL,NULL,NULL,NULL,NULL,NULL,NULL,NULL
50,1000,1710,48,1,4,NULL,2017-11-01 00:00:00,NULL,NULL,NULL,NULL,NULL,NULL,NULL,0,NULL,NULL,NULL,NULL,NULL,NULL,NULL,NULL,NULL,NULL,NULL,NULL,NULL
51,1000,1710,48,1,4,NULL,2017-11-08 00:00:00,100340,NULL,NULL,NULL,0,200,2172,200,0,NULL,NULL,NULL,NULL,NULL,NULL,NULL,NULL,NULL,NULL,NULL,NULL
52,1000,1710,74,1,1,NULL,2017-10-30 00:00:00,NULL,NULL,NULL,NULL,NULL,NULL,NULL,0,NULL,NULL,NULL,NULL,NULL,NULL,NULL,NULL,NULL,NULL,NULL,NULL,NULL
53,1000,1710,74,1,1,NULL,2017-10-30 00:00:00,100340,NULL,NULL,NULL,0,100,1086,100,0,NULL,NULL,NULL,NULL,NULL,NULL,NULL,NULL,NULL,NULL,NULL,NULL
54,1000,1710,77,1,1,NULL,2017-10-30 00:00:00,NULL,NULL,NULL,NULL,NULL,NULL,NULL,0,NULL,NULL,NULL,NULL,NULL,NULL,NULL,NULL,NULL,NULL,NULL,NULL,NULL
55,1000,1710,77,1,1,NULL,2017-10-30 00:00:00,100340,NULL,NULL,NULL,0,100,1086,100,0,NULL,NULL,NULL,NULL,NULL,NULL,NULL,NULL,NULL,NULL,NULL,NULL
56,1000,1710,73,1,1,NULL,2017-10-30 00:00:00,NULL,NULL,NULL,NULL,NULL,NULL,NULL,0,NULL,NULL,NULL,NULL,NULL,NULL,NULL,NULL,NULL,NULL,NULL,NULL,NULL
57,1000,1710,73,1,1,NULL,2017-10-30 00:00:00,100340,NULL,NULL,NULL,0,100,1086,100,0,NULL,NULL,NULL,NULL,NULL,NULL,NULL,NULL,NULL,NULL,NULL,NULL
58,1000,1710,78,1,1,NULL,2017-10-30 00:00:00,NULL,NULL,NULL,NULL,NULL,NULL,NULL,0,NULL,NULL,NULL,NULL,NULL,NULL,NULL,NULL,NULL,NULL,NULL,NULL,NULL
59,1000,1710,78,1,1,NULL,2017-10-30 00:00:00,100340,NULL,NULL,NULL,0,100,1086,100,0,NULL,NULL,NULL,NULL,NULL,NULL,NULL,NULL,NULL,NULL,NULL,NULL
60,1000,1710,78,1,2,NULL,2017-10-30 00:00:00,NULL,NULL,NULL,NULL,NULL,NULL,NULL,0,NULL,NULL,NULL,NULL,NULL,NULL,NULL,NULL,NULL,NULL,NULL,NULL,NULL
61,1000,1710,78,1,2,NULL,2017-10-31 00:00:00,100340,NULL,NULL,NULL,0,200,2172,200,0,NULL,NULL,NULL,NULL,NULL,NULL,NULL,NULL,NULL,NULL,NULL,NULL
62,1000,1710,78,1,3,NULL,2017-10-30 00:00:00,NULL,NULL,NULL,NULL,NULL,NULL,NULL,0,NULL,NULL,NULL,NULL,NULL,NULL,NULL,NULL,NULL,NULL,NULL,NULL,NULL
63,1000,1710,78,1,3,NULL,2017-11-01 00:00:00,100340,NULL,NULL,NULL,0,100,1086,100,0,NULL,NULL,NULL,NULL,NULL,NULL,NULL,NULL,NULL,NULL,NULL,NULL
64,1100,1710,28,1,1,NULL,2017-10-04 00:00:00,NULL,NULL,NULL,NULL,NULL,NULL,NULL,0,NULL,NULL,NULL,NULL,NULL,NULL,NULL,NULL,NULL,NULL,NULL,NULL,NULL
65,1100,1710,28,1,1,NULL,2017-10-04 00:00:00,100340,NULL,NULL,NULL,0,100,1086,100,0,NULL,NULL,NULL,NULL,NULL,NULL,NULL,NULL,NULL,NULL,NULL,NULL
66,1000,1710,80,1,1,NULL,2017-10-31 00:00:00,NULL,NULL,NULL,NULL,NULL,NULL,NULL,0,NULL,NULL,NULL,NULL,NULL,NULL,NULL,NULL,NULL,NULL,NULL,NULL,NULL
67,1000,1710,80,1,1,NULL,2017-10-31 00:00:00,100340,NULL,NULL,NULL,0,1000,10860,1000,0,NULL,NULL,NULL,NULL,NULL,NULL,NULL,NULL,NULL,NULL,NULL,NULL
68,1000,1710,80,1,2,NULL,2017-10-31 00:00:00,NULL,NULL,NULL,NULL,NULL,NULL,NULL,0,NULL,NULL,NULL,NULL,NULL,NULL,NULL,NULL,NULL,NULL,NULL,NULL,NULL
69,1000,1710,80,1,2,NULL,2017-10-31 00:00:00,100628,NULL,NULL,NULL,0,200,200,200,0,NULL,NULL,NULL,NULL,NULL,NULL,NULL,NULL,NULL,NULL,NULL,NULL
70,1000,1710,80,1,1,NULL,2017-10-31 00:00:00,100340,NULL,NULL,NULL,0,1000,10860,1000,0,NULL,NULL,NULL,NULL,NULL,NULL,NULL,NULL,NULL,NULL,NULL,NULL
71,1000,1710,80,1,1,NULL,2017-10-30 00:00:00,100340,NULL,NULL,NULL,0,1000,10860.32,1000,0,NULL,NULL,NULL,NULL,NULL,NULL,NULL,NULL,NULL,NULL,NULL,NULL
72,1000,1710,80,1,2,NULL,2017-10-31 00:00:00,100628,NULL,NULL,NULL,0,200,200,200,0,NULL,NULL,NULL,NULL,NULL,NULL,NULL,NULL,NULL,NULL,NULL,NULL
73,1000,1710,80,1,2,NULL,2017-10-31 00:00:00,100628,NULL,NULL,NULL,0,300,300,300,0,NULL,NULL,NULL,NULL,NULL,NULL,NULL,NULL,NULL,NULL,NULL,NULL
74,1000,1710,80,1,2,NULL,2017-10-31 00:00:00,100628,NULL,NULL,NULL,0,300,300,300,0,NULL,NULL,NULL,NULL,NULL,NULL,NULL,NULL,NULL,NULL,NULL,123
75,1000,1710,80,1,2,NULL,2017-10-31 00:00:00,100628,NULL,NULL,NULL,0,400,400,400,0,NULL,NULL,NULL,NULL,NULL,NULL,NULL,NULL,NULL,NULL,NULL,123
76,1000,1710,80,1,2,NULL,2017-10-31 00:00:00,100628,NULL,NULL,NULL,0,400,400,400,0,NULL,NULL,NULL,NULL,NULL,NULL,NULL,NULL,NULL,NULL,NULL,1000
77,1000,1710,80,1,2,NULL,2017-10-31 00:00:00,100628,NULL,NULL,NULL,0,500,500,500,0,NULL,NULL,NULL,NULL,NULL,NULL,NULL,NULL,NULL,NULL,NULL,1000
78,1000,1710,81,1,1,NULL,2017-10-31 00:00:00,NULL,NULL,NULL,NULL,NULL,NULL,NULL,0,NULL,NULL,NULL,NULL,NULL,NULL,NULL,NULL,NULL,NULL,NULL,NULL,NULL
79,1000,1710,81,1,1,NULL,2017-10-31 00:00:00,100340,NULL,NULL,NULL,0,100,1086,100,0,NULL,NULL,NULL,NULL,NULL,NULL,NULL,NULL,NULL,NULL,NULL,NULL
80,1000,1710,81,1,2,NULL,2017-10-31 00:00:00,NULL,NULL,NULL,NULL,NULL,NULL,NULL,0,NULL,NULL,NULL,NULL,NULL,NULL,NULL,NULL,NULL,NULL,NULL,NULL,NULL
81,1000,1710,81,1,2,NULL,2017-11-03 00:00:00,100340,NULL,NULL,NULL,0,200,2172,200,0,NULL,NULL,NULL,NULL,NULL,NULL,NULL,NULL,NULL,NULL,NULL,NULL
82,1000,1711,3,1,1,NULL,2017-11-02 00:00:00,NULL,NULL,NULL,NULL,NULL,NULL,NULL,0,NULL,NULL,NULL,NULL,NULL,NULL,NULL,NULL,NULL,NULL,NULL,NULL,NULL
83,1000,1711,3,1,1,NULL,2017-11-02 00:00:00,100340,NULL,NULL,NULL,0,100,1086,100,0,NULL,NULL,NULL,NULL,NULL,NULL,NULL,NULL,NULL,NULL,NULL,NULL
84,1000,1711,3,1,2,NULL,2017-11-02 00:00:00,NULL,NULL,NULL,NULL,NULL,NULL,NULL,0,NULL,NULL,NULL,NULL,NULL,NULL,NULL,NULL,NULL,NULL,NULL,NULL,NULL
85,1000,1711,3,1,2,NULL,2017-11-02 00:00:00,100628,NULL,NULL,NULL,0,10,10,10,0,NULL,NULL,NULL,NULL,NULL,NULL,NULL,NULL,NULL,NULL,NULL,NULL
86,1000,1711,4,1,1,NULL,2017-11-03 00:00:00,NULL,NULL,NULL,NULL,NULL,NULL,NULL,0,NULL,NULL,NULL,NULL,NULL,NULL,NULL,NULL,NULL,NULL,NULL,NULL,NULL
87,1000,1711,4,1,1,NULL,2017-11-03 00:00:00,100340,NULL,NULL,NULL,56000,100,1086,100,60816000,NULL,NULL,NULL,NULL,NULL,NULL,NULL,NULL,NULL,NULL,NULL,NULL
88,1000,1711,4,1,2,NULL,2017-11-03 00:00:00,NULL,NULL,NULL,NULL,NULL,NULL,NULL,0,NULL,NULL,NULL,NULL,NULL,NULL,NULL,NULL,NULL,NULL,NULL,NULL,NULL
89,1000,1711,4,1,2,NULL,2017-11-03 00:00:00,100628,NULL,NULL,NULL,200000,100,100,100,20000000,NULL,NULL,NULL,NULL,NULL,NULL,NULL,NULL,NULL,NULL,NULL,NULL
90,1100,1711,15,1,2,2,2017-11-03 00:00:00,100628,NULL,NULL,NULL,200000,100,100,100,20000000,NULL,NULL,NULL,NULL,NULL,NULL,NULL,NULL,NULL,NULL,NULL,NULL
91,1100,1711,15,1,2,2,2017-11-03 00:00:00,100628,NULL,NULL,NULL,100,100,100,100,10000,NULL,NULL,NULL,NULL,NULL,NULL,NULL,NULL,NULL,NULL,NULL,NULL
92,1100,1711,15,1,2,2,2017-11-03 00:00:00,100628,NULL,NULL,NULL,100,100,100,100,10000,NULL,NULL,NULL,NULL,NULL,NULL,NULL,NULL,NULL,NULL,NULL,NULL
93,1100,1711,15,1,2,2,2017-11-03 00:00:00,100628,NULL,NULL,NULL,20000,100,100,100,2000000,NULL,NULL,NULL,NULL,NULL,NULL,NULL,NULL,NULL,NULL,NULL,NULL
94,1100,1711,15,1,1,1,2017-11-03 00:00:00,100340,NULL,NULL,NULL,56000,100,1086,100,60817680,NULL,NULL,NULL,NULL,NULL,NULL,NULL,NULL,NULL,NULL,NULL,NULL
95,1100,1711,15,1,1,1,2017-11-03 00:00:00,100340,NULL,NULL,NULL,56000,100,1086,100,60817680,NULL,NULL,NULL,NULL,NULL,NULL,NULL,NULL,NULL,NULL,NULL,NULL
96,1100,1711,15,1,2,2,2017-11-03 00:00:00,100628,NULL,NULL,NULL,20000,100,100,100,2000000,NULL,NULL,NULL,NULL,NULL,NULL,NULL,NULL,NULL,NULL,NULL,NULL
97,1100,1711,15,1,2,2,2017-11-03 00:00:00,100628,NULL,NULL,NULL,20000,100,100,100,2000000,NULL,NULL,NULL,NULL,NULL,NULL,NULL,NULL,NULL,NULL,NULL,NULL
98,1100,1711,15,1,2,2,2017-11-03 00:00:00,100628,NULL,NULL,NULL,20000,100,100,100,2000000,NULL,NULL,NULL,NULL,NULL,NULL,NULL,NULL,NULL,NULL,NULL,NULL
99,1100,1711,15,1,2,2,2017-11-03 00:00:00,100628,NULL,NULL,NULL,20000,100,10,100,200000,NULL,NULL,NULL,NULL,NULL,NULL,NULL,NULL,NULL,NULL,NULL,NULL
100,1100,1711,15,1,2,2,2017-11-03 00:00:00,100628,NULL,NULL,NULL,20000,100,10,100,200000,NULL,NULL,NULL,NULL,NULL,NULL,NULL,NULL,NULL,NULL,NULL,NULL
101,1100,1711,15,1,2,2,2017-11-03 00:00:00,100628,NULL,NULL,NULL,20000,100,10,100,200000,NULL,NULL,NULL,NULL,NULL,NULL,NULL,NULL,NULL,NULL,NULL,NULL
102,1100,1711,15,1,2,2,2017-11-03 00:00:00,100628,NULL,NULL,NULL,20000,100,10,100,200000,NULL,NULL,NULL,NULL,NULL,NULL,NULL,NULL,NULL,NULL,NULL,NULL
103,1100,1711,15,1,2,2,2017-11-03 00:00:00,100628,NULL,NULL,NULL,20000,100,105,100,2100000,NULL,NULL,NULL,NULL,NULL,NULL,NULL,NULL,NULL,NULL,NULL,NULL
104,1100,1711,15,1,2,2,2017-11-03 00:00:00,100628,NULL,NULL,NULL,20000,100,105,100,2100000,NULL,NULL,NULL,NULL,NULL,NULL,NULL,NULL,NULL,NULL,NULL,NULL
105,1100,1711,15,1,2,2,2017-11-03 00:00:00,100628,NULL,NULL,NULL,20000,100,100,100,2000000,NULL,NULL,NULL,NULL,NULL,NULL,NULL,NULL,NULL,NULL,NULL,NULL
106,1100,1711,15,1,2,2,2017-11-03 00:00:00,100628,NULL,NULL,NULL,20000,100,100,100,2000000,NULL,NULL,NULL,NULL,NULL,NULL,NULL,NULL,NULL,NULL,NULL,NULL
107,1100,1711,15,1,2,2,2017-11-03 00:00:00,100628,NULL,NULL,NULL,20000,100,50,100,1000000,NULL,NULL,NULL,NULL,NULL,NULL,NULL,NULL,NULL,NULL,NULL,NULL
108,1100,1711,15,1,2,2,2017-11-03 00:00:00,100628,NULL,NULL,NULL,200000,100,100,100,20000000,NULL,NULL,NULL,NULL,NULL,NULL,NULL,NULL,NULL,NULL,NULL,NULL
109,1100,1711,15,1,2,2,2017-11-03 00:00:00,100628,NULL,NULL,NULL,200000,100,50,100,10000000,NULL,NULL,NULL,NULL,NULL,NULL,NULL,NULL,NULL,NULL,NULL,NULL
110,1100,1711,15,1,2,2,2017-11-03 00:00:00,100628,NULL,NULL,NULL,200000,100,100,100,20000000,NULL,NULL,NULL,NULL,NULL,NULL,NULL,NULL,NULL,NULL,NULL,NULL
111,1100,1711,15,1,2,2,2017-11-03 00:00:00,100628,NULL,NULL,NULL,200000,100,344.4,100,68880000,NULL,NULL,NULL,NULL,NULL,NULL,NULL,NULL,NULL,NULL,NULL,NULL
112,1100,1711,15,1,2,2,2017-11-03 00:00:00,100628,NULL,NULL,NULL,200000,100,100,100,20000000,NULL,NULL,NULL,NULL,NULL,NULL,NULL,NULL,NULL,NULL,NULL,NULL
113,1100,1711,15,1,2,2,2017-11-22 00:00:00,100628,NULL,NULL,NULL,200000,100,0.5,100,100000,NULL,NULL,NULL,NULL,NULL,NULL,NULL,NULL,NULL,NULL,NULL,NULL
114,1000,1711,6,1,1,NULL,2017-11-03 00:00:00,NULL,NULL,NULL,NULL,NULL,NULL,NULL,0,NULL,NULL,NULL,NULL,NULL,NULL,NULL,NULL,NULL,NULL,NULL,NULL,NULL
115,1000,1711,6,1,1,NULL,2017-11-09 00:00:00,100340,NULL,NULL,NULL,56000,0,0,0,0,NULL,NULL,NULL,NULL,NULL,NULL,NULL,NULL,NULL,NULL,NULL,NULL
116,1000,1711,6,1,1,NULL,2017-11-09 00:00:00,100340,NULL,NULL,NULL,56000,0,0,0,0,NULL,NULL,NULL,NULL,NULL,NULL,NULL,NULL,NULL,NULL,NULL,NULL
117,1000,1711,6,1,1,NULL,2017-11-09 00:00:00,100340,NULL,NULL,NULL,56000,100,1086,100,60816000,NULL,NULL,NULL,NULL,NULL,NULL,NULL,NULL,NULL,NULL,NULL,NULL
118,1000,1711,6,1,2,NULL,2017-11-03 00:00:00,NULL,NULL,NULL,NULL,NULL,NULL,NULL,0,NULL,NULL,NULL,NULL,NULL,NULL,NULL,NULL,NULL,NULL,NULL,NULL,NULL
119,1000,1711,6,1,2,NULL,2017-11-17 00:00:00,100580,NULL,NULL,NULL,0,200,0,200,0,NULL,NULL,NULL,NULL,NULL,NULL,NULL,NULL,NULL,NULL,NULL,NULL
120,1000,1711,8,1,1,NULL,2017-11-03 00:00:00,NULL,NULL,NULL,NULL,NULL,NULL,NULL,0,NULL,NULL,NULL,NULL,NULL,NULL,NULL,NULL,NULL,NULL,NULL,NULL,NULL
121,1000,1711,8,1,1,NULL,2017-11-03 00:00:00,100340,NULL,NULL,NULL,56000,100,1086,100,60816000,NULL,NULL,NULL,NULL,NULL,NULL,NULL,NULL,NULL,NULL,NULL,NULL
122,1100,1711,34,1,2,2,2017-11-05 00:00:00,100628,NULL,NULL,NULL,200000,100,100,100,20000000,NULL,NULL,NULL,NULL,NULL,NULL,NULL,NULL,NULL,NULL,NULL,NULL
123,1100,1711,34,1,2,2,2017-11-05 00:00:00,100628,NULL,NULL,NULL,200000,100,50,100,10000000,NULL,NULL,NULL,NULL,NULL,NULL,NULL,NULL,NULL,NULL,NULL,NULL
124,1000,1711,1,1,1,NULL,2017-11-03 00:00:00,NULL,NULL,NULL,NULL,NULL,NULL,NULL,0,NULL,NULL,NULL,NULL,NULL,NULL,NULL,NULL,NULL,NULL,NULL,NULL,NULL
125,1000,1711,1,1,1,NULL,2017-11-03 00:00:00,100340,NULL,NULL,NULL,56000,100,1086,100,60816000,NULL,NULL,NULL,NULL,NULL,NULL,NULL,NULL,NULL,NULL,NULL,NULL
126,1000,1711,1,1,2,NULL,2017-11-03 00:00:00,NULL,NULL,NULL,NULL,NULL,NULL,NULL,0,NULL,NULL,NULL,NULL,NULL,NULL,NULL,NULL,NULL,NULL,NULL,NULL,NULL
127,1000,1711,1,1,2,NULL,2017-11-03 00:00:00,100580,NULL,NULL,NULL,0,2000,0,2000,0,NULL,NULL,NULL,NULL,NULL,NULL,NULL,NULL,NULL,NULL,NULL,NULL
128,1100,1711,1,1,2,2,2017-11-03 00:00:00,100580,NULL,NULL,NULL,10000,2000,2000,2000,0,NULL,NULL,NULL,NULL,NULL,NULL,NULL,NULL,NULL,NULL,NULL,NULL
129,1100,1711,1,1,2,2,2017-11-03 00:00:00,100580,NULL,NULL,NULL,10000,2000,2000,2000,20000000,NULL,NULL,NULL,NULL,NULL,NULL,NULL,NULL,NULL,NULL,NULL,NULL
130,1100,1711,1,1,2,2,2017-11-03 00:00:00,100580,NULL,NULL,NULL,10000,2000,2000,2000,0,NULL,NULL,NULL,NULL,NULL,NULL,NULL,NULL,NULL,NULL,NULL,NULL
131,1100,1711,1,1,2,2,2017-11-03 00:00:00,100580,NULL,NULL,NULL,10000,2000,2000,2000,20000000,NULL,NULL,NULL,NULL,NULL,NULL,NULL,NULL,NULL,NULL,NULL,NULL
132,1000,1711,2,1,1,NULL,2017-11-06 00:00:00,NULL,NULL,NULL,NULL,NULL,NULL,NULL,0,NULL,NULL,NULL,NULL,NULL,NULL,NULL,NULL,NULL,NULL,NULL,NULL,NULL
133,1000,1711,2,1,1,NULL,2017-11-06 00:00:00,100340,NULL,NULL,NULL,56000,100,1086,100,60816000,NULL,NULL,NULL,NULL,NULL,NULL,NULL,NULL,NULL,NULL,NULL,NULL
134,1000,1711,3,1,1,NULL,2017-11-07 00:00:00,NULL,NULL,NULL,NULL,NULL,NULL,NULL,0,NULL,NULL,NULL,NULL,NULL,NULL,NULL,NULL,NULL,NULL,NULL,NULL,NULL
135,1000,1711,3,1,1,NULL,2017-11-07 00:00:00,100628,NULL,NULL,NULL,200000,100,100,100,20000000,NULL,NULL,NULL,NULL,NULL,NULL,NULL,NULL,NULL,NULL,NULL,NULL
136,1000,1711,3,1,2,NULL,2017-11-07 00:00:00,NULL,NULL,NULL,NULL,NULL,NULL,NULL,0,NULL,NULL,NULL,NULL,NULL,NULL,NULL,NULL,NULL,NULL,NULL,NULL,NULL
137,1000,1711,3,1,2,NULL,2017-11-07 00:00:00,100580,NULL,NULL,NULL,0,100,101,100,0,NULL,NULL,NULL,NULL,NULL,NULL,NULL,NULL,NULL,NULL,NULL,NULL
138,1100,1711,17,1,2,2,2017-11-07 00:00:00,100580,NULL,NULL,NULL,0,100,101,100,0,NULL,NULL,NULL,NULL,NULL,NULL,NULL,NULL,NULL,NULL,NULL,NULL
139,1100,1711,17,1,2,2,2017-11-07 00:00:00,100580,NULL,NULL,NULL,1000,100,101,100,101000,NULL,NULL,NULL,NULL,NULL,NULL,NULL,NULL,NULL,NULL,NULL,NULL
140,1000,1711,4,1,1,NULL,2017-11-09 00:00:00,NULL,NULL,NULL,NULL,NULL,NULL,NULL,0,NULL,NULL,NULL,NULL,NULL,NULL,NULL,NULL,NULL,NULL,NULL,NULL,NULL
141,1000,1711,4,1,1,NULL,2017-11-09 00:00:00,100580,NULL,NULL,NULL,0,100,101,100,0,NULL,NULL,NULL,NULL,NULL,NULL,NULL,NULL,NULL,NULL,NULL,NULL
142,1100,1711,18,1,1,1,2017-11-09 00:00:00,100580,NULL,NULL,NULL,0,100,101,100,0,NULL,NULL,NULL,NULL,NULL,NULL,NULL,NULL,NULL,NULL,NULL,NULL
143,1100,1711,18,1,1,1,2017-11-09 00:00:00,100580,NULL,NULL,NULL,10009.99,100,101,100,1011008.99,NULL,NULL,NULL,NULL,NULL,NULL,NULL,NULL,NULL,NULL,NULL,NULL
144,1100,1711,18,1,1,1,2017-11-09 00:00:00,100580,NULL,NULL,NULL,10009.99,100,101,100,1011008.99,NULL,NULL,NULL,NULL,NULL,NULL,NULL,NULL,NULL,NULL,NULL,NULL
145,1100,1711,18,1,1,1,2017-11-09 00:00:00,100580,NULL,NULL,NULL,1000,100,101,100,101000,NULL,NULL,NULL,NULL,NULL,NULL,NULL,NULL,NULL,NULL,NULL,NULL
146,1100,1711,19,1,1,1,2017-11-09 00:00:00,100580,NULL,NULL,NULL,0,100,101,100,0,NULL,NULL,NULL,NULL,NULL,NULL,NULL,NULL,NULL,NULL,NULL,NULL
147,1100,1711,19,1,1,1,2017-11-09 00:00:00,100580,NULL,NULL,NULL,100,100,101,100,10100,NULL,NULL,NULL,NULL,NULL,NULL,NULL,NULL,NULL,NULL,NULL,NULL
148,1000,1711,7,1,1,NULL,2017-11-11 00:00:00,NULL,NULL,NULL,NULL,NULL,NULL,NULL,0,NULL,NULL,NULL,NULL,NULL,NULL,NULL,NULL,NULL,NULL,NULL,NULL,NULL
149,1000,1711,7,1,1,NULL,2017-11-11 00:00:00,100340,NULL,NULL,NULL,56000,100,1086,100,60816000,NULL,NULL,NULL,NULL,NULL,NULL,NULL,NULL,NULL,NULL,NULL,NULL
150,1000,1711,7,1,2,NULL,2017-11-11 00:00:00,NULL,NULL,NULL,NULL,NULL,NULL,NULL,0,NULL,NULL,NULL,NULL,NULL,NULL,NULL,NULL,NULL,NULL,NULL,NULL,NULL
151,1000,1711,7,1,2,NULL,2017-11-11 00:00:00,100340,NULL,NULL,NULL,56000,200,2172,200,121632000,NULL,NULL,NULL,NULL,NULL,NULL,NULL,NULL,NULL,NULL,NULL,NULL
152,1000,1711,7,1,3,NULL,2017-11-11 00:00:00,NULL,NULL,NULL,NULL,NULL,NULL,NULL,0,NULL,NULL,NULL,NULL,NULL,NULL,NULL,NULL,NULL,NULL,NULL,NULL,NULL
153,1000,1711,7,1,3,NULL,2017-11-16 00:00:00,100340,NULL,NULL,NULL,56000,200,2172,200,121632000,NULL,NULL,NULL,NULL,NULL,NULL,NULL,NULL,NULL,NULL,NULL,NULL
154,1000,1711,8,1,1,NULL,2017-11-11 00:00:00,NULL,NULL,NULL,NULL,NULL,NULL,NULL,0,NULL,NULL,NULL,NULL,NULL,NULL,NULL,NULL,NULL,NULL,NULL,NULL,NULL
155,1000,1711,8,1,1,NULL,2017-11-11 00:00:00,100340,NULL,NULL,NULL,56000,300,3258,300,182448000,NULL,NULL,NULL,NULL,NULL,NULL,NULL,NULL,NULL,NULL,NULL,NULL
156,1000,1711,9,1,1,NULL,2017-11-11 00:00:00,NULL,NULL,NULL,NULL,NULL,NULL,NULL,0,NULL,NULL,NULL,NULL,NULL,NULL,NULL,NULL,NULL,NULL,NULL,NULL,NULL
157,1000,1711,9,1,1,NULL,2017-11-11 00:00:00,100628,NULL,NULL,NULL,200000,300,300,300,60000000,NULL,NULL,NULL,NULL,NULL,NULL,NULL,NULL,NULL,NULL,NULL,NULL
158,1022,1711,27,1,2,NULL,2017-11-13 00:00:00,NULL,NULL,NULL,NULL,NULL,NULL,NULL,0,NULL,NULL,NULL,NULL,NULL,NULL,NULL,NULL,NULL,NULL,NULL,NULL,NULL
159,1022,1711,27,1,2,NULL,2017-11-13 00:00:00,175296,NULL,NULL,NULL,14400,100,100,100,1440000,NULL,NULL,NULL,NULL,NULL,NULL,NULL,NULL,NULL,NULL,NULL,NULL
160,1022,1711,27,1,2,NULL,2017-11-13 00:00:00,175296,NULL,NULL,NULL,14400,100,100,100,1440000,NULL,NULL,NULL,NULL,NULL,NULL,NULL,NULL,NULL,NULL,NULL,NULL
161,1022,1711,27,1,2,NULL,2017-11-13 00:00:00,175296,NULL,NULL,NULL,14400,100,100,100,1440000,NULL,NULL,NULL,NULL,NULL,NULL,NULL,NULL,NULL,NULL,NULL,NULL
162,1022,1711,27,1,1,NULL,2017-11-13 00:00:00,NULL,NULL,NULL,NULL,NULL,NULL,NULL,0,NULL,NULL,NULL,NULL,NULL,NULL,NULL,NULL,NULL,NULL,NULL,NULL,NULL
163,1022,1711,27,1,1,NULL,2017-11-13 00:00:00,175297,NULL,NULL,NULL,120000,200,200,200,24000000,NULL,NULL,NULL,NULL,NULL,NULL,NULL,NULL,NULL,NULL,NULL,NULL
164,1022,1711,1,1,1,NULL,2017-11-13 00:00:00,NULL,NULL,NULL,NULL,NULL,NULL,NULL,0,NULL,NULL,NULL,NULL,NULL,NULL,NULL,NULL,NULL,NULL,NULL,NULL,NULL
165,1022,1711,1,1,1,NULL,2017-11-22 00:00:00,175296,NULL,NULL,NULL,14400,100,100,100,1440000,NULL,NULL,NULL,NULL,NULL,NULL,NULL,NULL,NULL,NULL,NULL,NULL
166,1022,1711,1,1,2,NULL,2017-11-13 00:00:00,NULL,NULL,NULL,NULL,NULL,NULL,NULL,0,NULL,NULL,NULL,NULL,NULL,NULL,NULL,NULL,NULL,NULL,NULL,NULL,NULL
167,1022,1711,1,1,2,NULL,2017-11-13 00:00:00,175297,NULL,NULL,NULL,120000,200,200,200,24000000,NULL,NULL,NULL,NULL,NULL,NULL,NULL,NULL,NULL,NULL,NULL,NULL
168,1022,1711,1,1,3,NULL,2017-11-13 00:00:00,NULL,NULL,NULL,NULL,NULL,NULL,NULL,0,NULL,NULL,NULL,NULL,NULL,NULL,NULL,NULL,NULL,NULL,NULL,NULL,NULL
169,1022,1711,1,1,3,NULL,2017-11-13 00:00:00,175296,NULL,NULL,NULL,14400,200,200,200,2880000,NULL,NULL,NULL,NULL,NULL,NULL,NULL,NULL,NULL,NULL,NULL,NULL
170,1015,1711,1,1,1,NULL,2017-11-13 00:00:00,NULL,NULL,NULL,NULL,NULL,NULL,NULL,0,NULL,NULL,NULL,NULL,NULL,NULL,NULL,NULL,NULL,NULL,NULL,NULL,NULL
171,1015,1711,1,1,1,NULL,2017-11-13 00:00:00,175296,NULL,NULL,NULL,14400,100,100,100,1440000,NULL,NULL,NULL,NULL,NULL,NULL,NULL,NULL,NULL,NULL,NULL,NULL
172,1015,1711,1,1,2,NULL,2017-11-13 00:00:00,NULL,NULL,NULL,NULL,NULL,NULL,NULL,0,NULL,NULL,NULL,NULL,NULL,NULL,NULL,NULL,NULL,NULL,NULL,NULL,NULL
173,1015,1711,1,1,2,NULL,2017-11-13 00:00:00,175297,NULL,NULL,NULL,120000,0,0,0,0,NULL,NULL,NULL,NULL,NULL,NULL,NULL,NULL,NULL,NULL,NULL,NULL
174,1015,1711,1,1,2,NULL,2017-11-13 00:00:00,175297,NULL,NULL,NULL,120000,0,0,0,0,NULL,NULL,NULL,NULL,NULL,NULL,NULL,NULL,NULL,NULL,NULL,NULL
175,1015,1711,1,1,2,NULL,2017-11-13 00:00:00,175297,NULL,NULL,NULL,120000,200,200,200,24000000,NULL,NULL,NULL,NULL,NULL,NULL,NULL,NULL,NULL,NULL,NULL,NULL
176,1022,1711,2,1,2,NULL,2017-11-14 00:00:00,NULL,NULL,NULL,NULL,NULL,NULL,NULL,0,NULL,NULL,NULL,NULL,NULL,NULL,NULL,NULL,NULL,NULL,NULL,NULL,NULL
177,1022,1711,2,1,2,NULL,2017-11-14 00:00:00,175298,NULL,NULL,NULL,14400,100,100,100,1440000,NULL,NULL,NULL,NULL,NULL,NULL,NULL,NULL,NULL,NULL,NULL,NULL
178,1022,1711,2,1,1,NULL,2017-11-14 00:00:00,NULL,NULL,NULL,NULL,NULL,NULL,NULL,0,NULL,NULL,NULL,NULL,NULL,NULL,NULL,NULL,NULL,NULL,NULL,NULL,NULL
179,1022,1711,2,1,1,NULL,2017-11-14 00:00:00,175299,NULL,NULL,NULL,120000,200,200,200,24000000,NULL,NULL,NULL,NULL,NULL,NULL,NULL,NULL,NULL,NULL,NULL,NULL
180,1022,1711,2,1,2,NULL,2017-11-14 00:00:00,175298,NULL,NULL,NULL,14400,100,100,0,1440000,NULL,NULL,NULL,NULL,NULL,NULL,NULL,NULL,NULL,NULL,NULL,NULL
181,1022,1711,2,1,2,NULL,2017-11-14 00:00:00,175298,NULL,NULL,NULL,14400,455,455,455,6552000,NULL,NULL,NULL,NULL,NULL,NULL,NULL,1,NULL,NULL,NULL,NULL
182,1022,1711,2,1,1,NULL,2017-11-14 00:00:00,175299,NULL,NULL,NULL,120000,200,200,0,24000000,NULL,NULL,NULL,NULL,NULL,NULL,NULL,NULL,NULL,NULL,NULL,NULL
183,1022,1711,2,1,1,NULL,2017-11-14 00:00:00,175299,NULL,NULL,NULL,120000,300,300,300,36000000,NULL,NULL,NULL,NULL,NULL,NULL,NULL,1,NULL,NULL,NULL,NULL
184,1022,1711,2,1,1,NULL,2017-11-14 00:00:00,175299,NULL,NULL,NULL,120000,300,300,300,36000000,NULL,NULL,NULL,NULL,NULL,NULL,NULL,1,NULL,NULL,NULL,NULL
185,1022,1711,2,1,1,NULL,2017-11-22 00:00:00,175299,NULL,NULL,NULL,120000,300,300,300,36000000,NULL,NULL,NULL,NULL,NULL,NULL,NULL,1,NULL,NULL,NULL,NULL
186,1022,1711,2,1,2,NULL,2017-11-14 00:00:00,175298,NULL,NULL,NULL,14400,455,455,455,6552000,NULL,NULL,NULL,NULL,NULL,NULL,NULL,1,NULL,NULL,NULL,NULL
187,1022,1711,2,1,2,NULL,2017-11-30 00:00:00,175298,NULL,NULL,NULL,14400,455,455,455,6552000,NULL,NULL,NULL,NULL,NULL,NULL,NULL,1,NULL,NULL,NULL,NULL
188,1110,1711,17,1,2,2,2017-11-30 00:00:00,175298,NULL,NULL,NULL,14400,455,455,455,6552000,NULL,NULL,NULL,NULL,NULL,NULL,NULL,NULL,NULL,NULL,NULL,NULL
189,1110,1711,17,1,2,2,2017-11-30 00:00:00,175298,NULL,NULL,NULL,15000,455,455,455,6825000,NULL,NULL,NULL,NULL,NULL,NULL,NULL,NULL,NULL,NULL,NULL,NULL
190,1110,1711,17,1,2,2,2017-11-30 00:00:00,175298,NULL,NULL,NULL,15000,455,455,455,6825000,NULL,NULL,NULL,NULL,NULL,NULL,NULL,NULL,NULL,NULL,NULL,NULL
191,1110,1711,17,1,2,2,2017-11-30 00:00:00,175298,NULL,NULL,NULL,15000,455,455,455,6825000,10,682500,NULL,NULL,NULL,NULL,NULL,NULL,NULL,NULL,NULL,NULL
192,1110,1711,17,1,2,2,2017-11-30 00:00:00,175298,NULL,NULL,NULL,15000,455,455,455,6825000,10,682500,NULL,NULL,NULL,NULL,NULL,NULL,NULL,NULL,NULL,NULL
193,1110,1711,17,1,2,2,2017-11-30 00:00:00,175298,NULL,NULL,NULL,20000,455,455,455,9100000,10,910000,NULL,NULL,NULL,NULL,NULL,NULL,NULL,NULL,NULL,NULL
194,1110,1711,17,1,2,2,2017-11-30 00:00:00,175298,NULL,NULL,NULL,20000,455,455,455,9100000,10,910000,NULL,NULL,NULL,NULL,NULL,NULL,NULL,NULL,NULL,NULL
195,1110,1711,17,1,2,2,2017-11-30 00:00:00,175298,NULL,NULL,NULL,10000,455,455,455,4550000,10,455000,NULL,NULL,NULL,NULL,NULL,NULL,NULL,NULL,NULL,NULL
196,1110,1711,17,1,1,1,2017-11-22 00:00:00,175299,NULL,NULL,NULL,120000,300,300,300,36000000,NULL,NULL,NULL,NULL,NULL,NULL,NULL,NULL,NULL,NULL,NULL,NULL
197,1110,1711,17,1,1,1,2017-11-22 00:00:00,175299,NULL,NULL,NULL,120000,300,0,300,0,5,0,NULL,NULL,NULL,NULL,NULL,NULL,NULL,NULL,NULL,NULL
198,1110,1711,17,1,1,1,2017-11-22 00:00:00,175299,NULL,NULL,NULL,120000,300,300,300,36000000,NULL,NULL,NULL,NULL,NULL,NULL,NULL,NULL,NULL,NULL,NULL,NULL
199,1110,1711,17,1,1,1,2017-11-22 00:00:00,175299,NULL,NULL,NULL,120000,300,300,300,36000000,0,0,NULL,NULL,NULL,NULL,NULL,NULL,NULL,NULL,NULL,NULL
200,1110,1711,17,1,2,2,2017-11-30 00:00:00,175298,NULL,NULL,NULL,14400,455,455,455,6552000,NULL,NULL,NULL,NULL,NULL,NULL,NULL,NULL,NULL,NULL,NULL,NULL
201,1110,1711,17,1,2,2,2017-11-30 00:00:00,175298,NULL,NULL,NULL,20000,455,455,455,9100000,0,0,NULL,NULL,NULL,NULL,NULL,NULL,NULL,NULL,NULL,NULL
202,1110,1711,17,1,2,2,2017-11-30 00:00:00,175298,NULL,NULL,NULL,20000,455,455,455,9100000,0,0,NULL,NULL,NULL,NULL,NULL,NULL,NULL,NULL,NULL,NULL
203,1110,1711,17,1,2,2,2017-11-30 00:00:00,175298,NULL,NULL,NULL,20000,455,455,455,9100000,20,1820000,NULL,NULL,NULL,NULL,NULL,NULL,NULL,NULL,NULL,NULL
204,1120,1711,2,1,2,2,2017-11-30 00:00:00,175298,NULL,NULL,NULL,14400,455,455,455,6552000,NULL,NULL,NULL,NULL,NULL,NULL,NULL,NULL,NULL,NULL,NULL,NULL
205,1120,1711,2,1,2,2,2017-11-30 00:00:00,175298,NULL,NULL,NULL,14400,455,455,455,6552000,10,655200,NULL,NULL,NULL,NULL,NULL,NULL,NULL,NULL,NULL,NULL
206,1110,1711,1,1,2,2,2017-11-30 00:00:00,175298,NULL,NULL,NULL,14400,455,455,455,6552000,NULL,NULL,NULL,NULL,NULL,NULL,NULL,NULL,NULL,NULL,NULL,NULL
207,1110,1711,1,1,2,2,2017-11-30 00:00:00,175298,NULL,NULL,NULL,14400,455,455,455,6552000,20,1310400,NULL,NULL,NULL,NULL,NULL,NULL,NULL,NULL,NULL,NULL
208,1022,1711,4,1,1,NULL,2017-11-15 00:00:00,NULL,NULL,NULL,NULL,NULL,NULL,NULL,0,NULL,NULL,NULL,NULL,NULL,NULL,NULL,NULL,NULL,NULL,NULL,NULL,NULL
209,1022,1711,4,1,1,NULL,2017-11-15 00:00:00,175299,NULL,NULL,NULL,120000,1,1,1,120000,NULL,NULL,NULL,NULL,NULL,NULL,NULL,1,NULL,NULL,NULL,NULL
210,1015,1711,1,1,1,NULL,2017-11-13 00:00:00,175296,NULL,NULL,NULL,14400,100,100,100,1440000,NULL,NULL,NULL,NULL,NULL,NULL,NULL,NULL,NULL,NULL,NULL,NULL
211,1015,1711,1,1,1,NULL,2017-11-13 00:00:00,175296,NULL,NULL,NULL,14400,100,100,100,1440000,NULL,NULL,NULL,NULL,NULL,NULL,NULL,NULL,NULL,NULL,NULL,NULL
212,1015,1711,1,1,1,NULL,2017-11-13 00:00:00,175296,NULL,NULL,NULL,14400,100,100,100,1440000,NULL,NULL,NULL,NULL,NULL,NULL,NULL,NULL,NULL,NULL,NULL,NULL
213,1015,1711,1,1,1,NULL,2017-11-13 00:00:00,175296,NULL,NULL,NULL,14400,100,100,100,1440000,NULL,NULL,NULL,NULL,NULL,NULL,NULL,NULL,NULL,NULL,NULL,NULL
214,1015,1711,1,1,2,NULL,2017-11-13 00:00:00,175297,NULL,NULL,NULL,120000,200,200,200,24000000,NULL,NULL,NULL,NULL,NULL,NULL,NULL,NULL,NULL,NULL,NULL,NULL
215,1015,1711,1,1,2,NULL,2017-11-13 00:00:00,175296,NULL,NULL,NULL,14400,200,200,200,2880000,NULL,NULL,NULL,NULL,NULL,NULL,NULL,1,NULL,NULL,NULL,NULL
216,1015,1711,1,1,1,NULL,2017-11-13 00:00:00,175296,NULL,NULL,NULL,14400,100,100,100,1440000,NULL,NULL,NULL,NULL,NULL,NULL,NULL,NULL,NULL,NULL,NULL,NULL
217,1015,1711,1,1,1,NULL,2017-11-13 00:00:00,175297,NULL,NULL,NULL,120000,100,100,100,12000000,NULL,NULL,NULL,NULL,NULL,NULL,NULL,1,NULL,NULL,NULL,NULL
218,1022,1711,3,1,1,NULL,2017-11-15 00:00:00,NULL,NULL,NULL,NULL,NULL,NULL,NULL,0,NULL,NULL,NULL,NULL,NULL,NULL,NULL,NULL,NULL,NULL,NULL,NULL,NULL
219,1022,1711,3,1,1,NULL,2017-11-15 00:00:00,175299,NULL,NULL,NULL,120000,1,1,1,120000,NULL,NULL,NULL,NULL,NULL,NULL,NULL,1,NULL,NULL,NULL,NULL
220,1110,1711,8,1,2,2,2017-11-13 00:00:00,175296,NULL,NULL,NULL,14400,200,200,200,2880000,NULL,NULL,NULL,NULL,NULL,NULL,NULL,NULL,NULL,NULL,NULL,NULL
221,1110,1711,8,1,2,2,2017-11-13 00:00:00,175296,NULL,NULL,NULL,14400,200,200,200,2880000,10,288000,NULL,NULL,NULL,NULL,NULL,NULL,NULL,NULL,NULL,NULL
222,1022,1711,6,1,1,NULL,2017-11-16 00:00:00,NULL,NULL,NULL,NULL,NULL,NULL,NULL,0,NULL,NULL,NULL,NULL,NULL,NULL,NULL,NULL,NULL,NULL,NULL,NULL,NULL
223,1022,1711,6,1,1,NULL,2017-11-16 00:00:00,175298,NULL,NULL,NULL,14400,100,100,100,1440000,NULL,NULL,63,NULL,NULL,NULL,NULL,1,64,171,NULL,NULL
224,1015,1711,4,1,1,NULL,2017-11-16 00:00:00,NULL,NULL,NULL,NULL,NULL,NULL,NULL,0,NULL,NULL,NULL,NULL,NULL,NULL,NULL,NULL,NULL,NULL,NULL,NULL,NULL
225,1015,1711,4,1,1,NULL,2017-11-16 00:00:00,175297,NULL,SEPATU BOOTS KARET HIJAU,NULL,120000,100,100,100,12000000,NULL,NULL,0,NULL,NULL,NULL,NULL,1,64,0,NULL,NULL
226,1015,1711,4,1,1,NULL,2017-11-16 00:00:00,175297,NULL,SEPATU BOOTS KARET HIJAU,NULL,120000,100,100,100,12000000,NULL,NULL,0,NULL,NULL,NULL,NULL,1,64,0,NULL,NULL
227,1015,1711,4,1,1,NULL,2017-11-16 00:00:00,175296,NULL,WIPOL KARBOL CLASSIC PINE 800 ML,NULL,14400,100,100,100,1440000,NULL,NULL,63,NULL,NULL,NULL,NULL,1,64,171,NULL,NULL
228,1022,1711,6,1,2,NULL,2017-11-16 00:00:00,NULL,NULL,NULL,NULL,NULL,NULL,NULL,0,NULL,NULL,NULL,NULL,NULL,NULL,NULL,NULL,NULL,NULL,NULL,NULL,NULL
229,1022,1711,6,1,2,NULL,2017-11-16 00:00:00,175299,NULL,SEPATU BOOTS KARET HIJAU,NULL,120000,200,200,200,24000000,NULL,NULL,59,NULL,NULL,NULL,NULL,1,64,29,NULL,NULL
230,1022,1711,6,1,2,NULL,2017-11-16 00:00:00,175299,NULL,SEPATU BOOTS KARET HIJAU,NULL,120000,200,200,200,24000000,NULL,NULL,59,NULL,NULL,NULL,NULL,1,64,29,NULL,NULL
231,1022,1711,6,1,2,NULL,2017-11-16 00:00:00,175299,NULL,SEPATU BOOTS KARET HIJAU,NULL,120000,200,200,200,24000000,NULL,NULL,59,NULL,NULL,NULL,NULL,1,64,29,NULL,NULL
232,1022,1711,6,1,1,NULL,2017-11-16 00:00:00,175298,NULL,NULL,NULL,14400,100,100,100,1440000,NULL,NULL,63,NULL,NULL,NULL,NULL,1,64,171,NULL,NULL
233,1022,1711,6,1,1,NULL,2017-11-16 00:00:00,175298,NULL,WIPOL KARBOL CLASSIC PINE 800 ML,NULL,14400,100,100,100,1440000,NULL,NULL,63,NULL,NULL,NULL,NULL,1,64,171,NULL,NULL
234,1022,1711,1,1,1,NULL,2017-11-16 00:00:00,NULL,NULL,NULL,NULL,NULL,NULL,NULL,0,NULL,NULL,NULL,NULL,NULL,NULL,NULL,NULL,NULL,NULL,NULL,NULL,NULL
235,1022,1711,1,1,1,NULL,2017-11-16 00:00:00,175298,NULL,WIPOL KARBOL CLASSIC PINE 800 ML,NULL,14400,100,100,100,1440000,NULL,NULL,63,NULL,NULL,NULL,NULL,1,64,171,NULL,NULL
236,1022,1711,1,1,2,NULL,2017-11-16 00:00:00,NULL,NULL,NULL,NULL,NULL,NULL,NULL,0,NULL,NULL,NULL,NULL,NULL,NULL,NULL,NULL,NULL,NULL,NULL,NULL,NULL
237,1022,1711,1,1,2,NULL,2017-11-16 00:00:00,175299,NULL,SEPATU BOOTS KARET HIJAU,NULL,120000,200,200,200,24000000,NULL,NULL,59,NULL,NULL,NULL,NULL,1,64,29,NULL,NULL
238,1022,1711,1,1,2,NULL,2017-11-16 00:00:00,NULL,NULL,NULL,NULL,NULL,NULL,NULL,0,NULL,NULL,NULL,NULL,NULL,NULL,NULL,NULL,NULL,NULL,NULL,NULL,NULL
239,1022,1711,1,1,2,NULL,2017-11-16 00:00:00,175299,NULL,SEPATU BOOTS KARET HIJAU,NULL,120000,100,100,100,12000000,NULL,NULL,59,NULL,NULL,NULL,NULL,1,64,29,NULL,NULL
240,1022,1711,1,1,2,NULL,2017-11-16 00:00:00,175299,NULL,SEPATU BOOTS KARET HIJAU,NULL,120000,100,100,100,12000000,NULL,NULL,59,NULL,NULL,NULL,NULL,1,64,29,NULL,NULL
241,1022,1711,1,1,2,NULL,2017-11-16 00:00:00,175299,NULL,SEPATU BOOTS KARET HIJAU,NULL,120000,100,100,100,12000000,NULL,NULL,59,NULL,NULL,NULL,NULL,1,64,29,NULL,NULL
242,1022,1711,1,1,1,NULL,2017-11-16 00:00:00,NULL,NULL,NULL,NULL,NULL,NULL,NULL,0,NULL,NULL,NULL,NULL,NULL,NULL,NULL,NULL,NULL,NULL,NULL,NULL,NULL
243,1022,1711,1,1,1,NULL,2017-11-14 00:00:00,175298,NULL,WIPOL KARBOL CLASSIC PINE 800 ML,NULL,14400,100,100,100,1440000,NULL,NULL,63,NULL,NULL,NULL,NULL,1,64,171,NULL,NULL
244,1027,1711,1,1,1,NULL,2017-11-13 00:00:00,NULL,NULL,NULL,NULL,NULL,NULL,NULL,0,NULL,NULL,NULL,NULL,NULL,NULL,NULL,NULL,NULL,NULL,NULL,NULL,NULL
245,1027,1711,1,1,1,NULL,2017-11-13 00:00:00,NULL,NULL,NULL,NULL,NULL,NULL,NULL,0,NULL,NULL,NULL,NULL,NULL,NULL,NULL,NULL,NULL,NULL,NULL,NULL,NULL
246,1027,1711,1,1,1,NULL,2017-11-13 00:00:00,NULL,NULL,NULL,NULL,NULL,NULL,NULL,0,NULL,NULL,NULL,NULL,NULL,NULL,NULL,NULL,NULL,NULL,NULL,NULL,NULL
247,1027,1711,1,1,1,NULL,2017-11-13 00:00:00,NULL,NULL,NULL,NULL,NULL,NULL,NULL,0,NULL,NULL,NULL,NULL,NULL,NULL,NULL,NULL,NULL,NULL,NULL,NULL,NULL
248,1027,1711,1,1,1,NULL,2017-11-13 00:00:00,NULL,NULL,NULL,NULL,NULL,NULL,NULL,0,NULL,NULL,NULL,NULL,NULL,NULL,NULL,NULL,NULL,NULL,NULL,NULL,NULL
249,1027,1711,1,1,1,NULL,2017-11-13 00:00:00,NULL,NULL,NULL,NULL,NULL,NULL,NULL,0,NULL,NULL,NULL,NULL,NULL,NULL,NULL,NULL,NULL,NULL,NULL,NULL,NULL
250,1027,1711,1,1,1,NULL,2017-11-13 00:00:00,NULL,NULL,NULL,NULL,NULL,NULL,NULL,0,NULL,NULL,NULL,NULL,NULL,NULL,NULL,NULL,NULL,NULL,NULL,NULL,NULL
251,1027,1711,1,1,1,NULL,2017-11-13 00:00:00,175300,NULL,NULL,NULL,120000,10,10,10,1200000,NULL,NULL,146,NULL,NULL,NULL,NULL,1,64,200,NULL,NULL
252,1027,1711,1,1,2,NULL,2017-11-13 00:00:00,NULL,NULL,NULL,NULL,NULL,NULL,NULL,0,NULL,NULL,NULL,NULL,NULL,NULL,NULL,NULL,NULL,NULL,NULL,NULL,NULL
253,1027,1711,1,1,2,NULL,2017-11-13 00:00:00,175301,NULL,NULL,NULL,120000,10,10,10,1200000,NULL,NULL,146,NULL,NULL,NULL,NULL,1,64,200,NULL,NULL
254,1022,1711,2,1,1,NULL,2017-11-18 00:00:00,NULL,NULL,NULL,NULL,NULL,NULL,NULL,0,NULL,NULL,NULL,NULL,NULL,NULL,NULL,NULL,NULL,NULL,NULL,NULL,NULL
255,1022,1711,2,1,1,NULL,2017-11-18 00:00:00,175298,NULL,WIPOL KARBOL CLASSIC PINE 800 ML,NULL,14400,1000,1000,1000,14400000,NULL,NULL,63,NULL,NULL,NULL,NULL,1,64,171,NULL,NULL
256,1022,1711,2,1,2,NULL,2017-11-18 00:00:00,NULL,NULL,NULL,NULL,NULL,NULL,NULL,0,NULL,NULL,NULL,NULL,NULL,NULL,NULL,NULL,NULL,NULL,NULL,NULL,NULL
257,1022,1711,2,1,2,NULL,2017-11-18 00:00:00,175299,NULL,SEPATU BOOTS KARET HIJAU,NULL,120000,200,200,200,24000000,NULL,NULL,59,NULL,NULL,NULL,NULL,1,64,29,NULL,NULL
258,1020,1711,1,1,1,NULL,2017-11-13 00:00:00,NULL,NULL,NULL,NULL,NULL,NULL,NULL,0,NULL,NULL,NULL,NULL,NULL,NULL,NULL,NULL,NULL,NULL,NULL,NULL,NULL
259,1020,1711,1,1,1,NULL,2017-11-13 00:00:00,175302,NULL,SEPATU BOOTS KARET HIJAU,NULL,120000,100,100,100,12000000,NULL,NULL,59,NULL,NULL,NULL,NULL,1,64,29,NULL,NULL
260,1020,1711,1,1,2,NULL,2017-11-13 00:00:00,NULL,NULL,NULL,NULL,NULL,NULL,NULL,0,NULL,NULL,NULL,NULL,NULL,NULL,NULL,NULL,NULL,NULL,NULL,NULL,NULL
261,1020,1711,1,1,2,NULL,2017-11-13 00:00:00,175303,NULL,Tas Tos,NULL,120000,200,200,200,24000000,NULL,NULL,59,NULL,NULL,NULL,NULL,1,64,29,NULL,NULL
262,1022,1711,3,1,1,NULL,2017-11-18 00:00:00,NULL,NULL,NULL,NULL,NULL,NULL,NULL,0,NULL,NULL,NULL,NULL,NULL,NULL,NULL,NULL,NULL,NULL,NULL,NULL,NULL
263,1022,1711,3,1,1,NULL,2017-11-18 00:00:00,175298,NULL,WIPOL KARBOL CLASSIC PINE 800 ML,NULL,14400,100,100,100,1440000,NULL,NULL,63,NULL,NULL,NULL,NULL,1,64,171,NULL,NULL
264,1022,1711,3,1,2,NULL,2017-11-18 00:00:00,NULL,NULL,NULL,NULL,NULL,NULL,NULL,0,NULL,NULL,NULL,NULL,NULL,NULL,NULL,NULL,NULL,NULL,NULL,NULL,NULL
265,1022,1711,3,1,2,NULL,2017-11-29 00:00:00,175299,NULL,SEPATU BOOTS KARET HIJAU,NULL,120000,100,100,100,12000000,NULL,NULL,59,NULL,NULL,NULL,NULL,1,64,29,NULL,NULL
266,1022,1711,4,1,1,NULL,2017-11-19 00:00:00,NULL,NULL,NULL,NULL,NULL,NULL,NULL,0,NULL,NULL,NULL,NULL,NULL,NULL,NULL,NULL,NULL,NULL,NULL,NULL,NULL
267,1022,1711,4,1,1,NULL,2017-11-19 00:00:00,175298,NULL,WIPOL KARBOL CLASSIC PINE 800 ML,NULL,14400,100,100,100,1440000,NULL,NULL,63,NULL,NULL,NULL,NULL,1,64,171,NULL,NULL
268,1022,1711,4,1,2,NULL,2017-11-19 00:00:00,NULL,NULL,NULL,NULL,NULL,NULL,NULL,0,NULL,NULL,NULL,NULL,NULL,NULL,NULL,NULL,NULL,NULL,NULL,NULL,NULL
269,1022,1711,4,1,2,NULL,2017-11-19 00:00:00,175299,NULL,SEPATU BOOTS KARET HIJAU,NULL,120000,50,50,50,6000000,NULL,NULL,59,NULL,NULL,NULL,NULL,1,64,29,NULL,NULL
270,1022,1711,5,1,1,NULL,2017-11-19 00:00:00,NULL,NULL,NULL,NULL,NULL,NULL,NULL,0,NULL,NULL,NULL,NULL,NULL,NULL,NULL,NULL,NULL,NULL,NULL,NULL,NULL
271,1022,1711,5,1,1,NULL,2017-11-19 00:00:00,175298,NULL,WIPOL KARBOL CLASSIC PINE 800 ML,NULL,14400,50,50,50,720000,NULL,NULL,63,NULL,NULL,NULL,NULL,1,64,171,NULL,NULL
272,1022,1711,5,1,2,NULL,2017-11-19 00:00:00,NULL,NULL,NULL,NULL,NULL,NULL,NULL,0,NULL,NULL,NULL,NULL,NULL,NULL,NULL,NULL,NULL,NULL,NULL,NULL,NULL
273,1022,1711,5,1,2,NULL,2017-11-19 00:00:00,175299,NULL,SEPATU BOOTS KARET HIJAU,NULL,120000,100,100,100,12000000,NULL,NULL,59,NULL,NULL,NULL,NULL,1,64,29,NULL,NULL
274,1015,1711,5,1,1,NULL,2017-11-20 00:00:00,NULL,NULL,NULL,NULL,NULL,NULL,NULL,0,NULL,NULL,NULL,NULL,NULL,NULL,NULL,NULL,NULL,NULL,NULL,NULL,NULL
275,1015,1711,5,1,1,NULL,2017-11-20 00:00:00,175296,NULL,WIPOL KARBOL CLASSIC PINE 800 ML,NULL,14400,100,100,100,1440000,NULL,NULL,63,NULL,NULL,NULL,NULL,1,64,171,NULL,NULL
276,1015,1711,5,1,2,NULL,2017-11-20 00:00:00,NULL,NULL,NULL,NULL,NULL,NULL,NULL,0,NULL,NULL,NULL,NULL,NULL,NULL,NULL,NULL,NULL,NULL,NULL,NULL,NULL
277,1015,1711,5,1,2,NULL,2017-11-20 00:00:00,175297,NULL,SEPATU BOOTS KARET HIJAU,NULL,120000,200,200,200,24000000,NULL,NULL,59,NULL,NULL,NULL,NULL,1,64,29,NULL,NULL
278,1022,1711,6,1,1,NULL,2017-11-23 00:00:00,NULL,NULL,NULL,NULL,NULL,NULL,NULL,0,NULL,NULL,NULL,NULL,NULL,NULL,NULL,NULL,NULL,NULL,NULL,NULL,NULL
279,1022,1711,6,1,1,NULL,2017-11-13 00:00:00,175299,NULL,SEPATU BOOTS KARET HIJAU,NULL,120000,200,200,200,24000000,NULL,NULL,59,NULL,NULL,NULL,NULL,1,64,29,NULL,NULL
280,1022,1711,6,1,2,NULL,2017-11-23 00:00:00,NULL,NULL,NULL,NULL,NULL,NULL,NULL,0,NULL,NULL,NULL,NULL,NULL,NULL,NULL,NULL,NULL,NULL,NULL,NULL,NULL
281,1022,1711,6,1,2,NULL,2017-11-23 00:00:00,175299,NULL,SEPATU BOOTS KARET HIJAU,NULL,120000,100,100,100,12000000,NULL,NULL,59,NULL,NULL,NULL,NULL,1,64,29,NULL,NULL
282,1022,1711,6,1,2,NULL,2017-11-23 00:00:00,175299,NULL,SEPATU BOOTS KARET HIJAU,NULL,120000,100,100,100,12000000,NULL,NULL,59,NULL,NULL,NULL,NULL,1,64,29,NULL,NULL
283,1022,1711,6,1,2,NULL,2017-11-23 00:00:00,175298,NULL,WIPOL KARBOL CLASSIC PINE 800 ML,NULL,14400,100,100,100,1440000,NULL,NULL,63,NULL,NULL,NULL,NULL,1,64,171,NULL,NULL
284,1022,1711,7,1,1,NULL,2017-11-23 00:00:00,NULL,NULL,NULL,NULL,NULL,NULL,NULL,0,NULL,NULL,NULL,NULL,NULL,NULL,NULL,NULL,NULL,NULL,NULL,NULL,NULL
285,1022,1711,7,1,1,NULL,2017-11-23 00:00:00,175298,NULL,WIPOL KARBOL CLASSIC PINE 800 ML,NULL,14400,200,200,200,2880000,NULL,NULL,63,NULL,NULL,NULL,NULL,1,64,171,NULL,NULL
286,1022,1711,7,1,2,NULL,2017-11-23 00:00:00,NULL,NULL,NULL,NULL,NULL,NULL,NULL,0,NULL,NULL,NULL,NULL,NULL,NULL,NULL,NULL,NULL,NULL,NULL,NULL,NULL
287,1022,1711,7,1,2,NULL,2017-11-23 00:00:00,175299,NULL,SEPATU BOOTS KARET HIJAU,NULL,120000,100,100,100,12000000,NULL,NULL,59,NULL,NULL,NULL,NULL,1,64,29,NULL,NULL
288,1120,1711,13,1,2,2,2017-11-23 00:00:00,175299,NULL,SEPATU BOOTS KARET HIJAU,NULL,120000,100,100,100,12000000,NULL,NULL,59,NULL,NULL,NULL,NULL,1,NULL,29,NULL,NULL
289,1120,1711,13,1,2,2,2017-11-23 00:00:00,175299,NULL,SEPATU BOOTS KARET HIJAU,NULL,120000,100,100,100,12000000,10,1200000,59,NULL,NULL,NULL,NULL,1,NULL,29,NULL,NULL
290,1120,1711,14,1,2,2,2017-11-23 00:00:00,175298,NULL,WIPOL KARBOL CLASSIC PINE 800 ML,NULL,14400,100,100,100,1440000,NULL,NULL,63,NULL,NULL,1,NULL,1,NULL,171,NULL,NULL
291,1120,1711,14,1,2,2,2017-11-23 00:00:00,175298,NULL,WIPOL KARBOL CLASSIC PINE 800 ML,NULL,14400,100,100,100,1440000,15,216000,63,NULL,NULL,1,NULL,1,NULL,171,NULL,NULL
