1,10.00.00.00,ASSET,10,1,1,NULL,NULL,10,NULL,NULL,NULL,0,1,0,1,206,NULL,NULL,NULL
2,11.00.00.00,CURRENT ASSET,20,2,1,NULL,NULL,NULL,NULL,NULL,NULL,0,1,10,2,125,NULL,NULL,NULL
3,11.01.00.00,CASH & CASH EQUIVALENTS,30,3,1,NULL,NULL,NULL,NULL,NULL,NULL,0,1,20,3,22,NULL,NULL,NULL
4,11.01.01.00,CASH,40,4,1,7,NULL,11,NULL,1,NULL,0,1,30,4,13,NULL,NULL,NULL
5,11.01.02.00,BANK,70,4,1,7,NULL,11,NULL,1,NULL,0,1,30,14,21,NULL,NULL,NULL
6,11.02.00.00,SHORT TERM INVESTMENT,100,3,1,5,NULL,11,NULL,1,NULL,0,1,20,23,32,NULL,NULL,NULL
7,11.02.01.00,CERTIFICATES OF DEPOSITS,110,4,1,NULL,NULL,NULL,NULL,NULL,NULL,0,1,100,24,29,NULL,NULL,NULL
8,11.02.01.01,SHORT TERM CERTIFICATES OF DEPOSITS - IDR,120,5,1,NULL,NULL,NULL,NULL,NULL,NULL,1,1,110,25,26,NULL,NULL,NULL
9,11.02.01.02,SHORT TERM CERTIFICATES OF DEPOSITS - VALAS,130,5,1,NULL,NULL,NULL,NULL,NULL,NULL,1,1,110,27,28,NULL,NULL,NULL
10,11.02.02.00,OTHER SHORT TERM INVESTMENT,140,4,1,NULL,NULL,NULL,NULL,NULL,NULL,1,1,100,30,31,NULL,NULL,NULL
11,11.03.00.00,ACCOUNT RECEIVABLE,150,3,1,3,NULL,11,NULL,1,NULL,1,1,20,33,34,NULL,NULL,NULL
12,11.04.00.00,OTHER RECEIVABLE,160,3,1,3,NULL,11,NULL,1,NULL,0,1,20,35,46,NULL,NULL,NULL
13,11.04.01.00,OTHER RECEIVABLE - AFFILIATION,170,4,1,NULL,NULL,NULL,NULL,NULL,NULL,1,1,160,36,37,NULL,NULL,NULL
14,11.04.02.00,OTHER RECEIVABLE - MANAGEMENT,180,4,1,NULL,NULL,NULL,NULL,NULL,NULL,1,1,160,38,39,NULL,NULL,NULL
15,11.04.03.00,OTHER RECEIVABLE - EMPLOYEE,190,4,1,NULL,NULL,NULL,NULL,NULL,NULL,1,1,160,40,41,NULL,NULL,NULL
16,11.04.04.00,OTHER RECEIVABLE - OTHERS,200,4,1,NULL,NULL,NULL,NULL,NULL,NULL,1,1,160,42,43,NULL,NULL,NULL
17,11.04.10.00,ALLOWANCE FOR BAD DEBT,210,4,1,NULL,NULL,NULL,NULL,NULL,NULL,1,1,160,44,45,NULL,NULL,NULL
18,11.05.00.00,INVENTORY,220,3,1,3,NULL,11,NULL,1,NULL,0,1,20,47,68,NULL,NULL,NULL
19,11.05.01.00,INVENTORY FOR BUSINESS,230,4,1,NULL,NULL,NULL,NULL,NULL,NULL,0,1,220,48,59,NULL,NULL,NULL
20,11.05.01.01,RAW MATERIAL,240,5,1,NULL,NULL,NULL,NULL,NULL,NULL,1,1,230,49,50,NULL,NULL,NULL
21,11.05.01.02,WORK IN PROCESS,250,5,1,NULL,NULL,NULL,NULL,NULL,NULL,1,1,230,51,52,NULL,NULL,NULL
22,11.05.01.03,GOODS IN TRANSIT,260,5,1,NULL,NULL,NULL,NULL,NULL,NULL,1,1,230,53,54,NULL,NULL,NULL
23,11.05.01.04,FINISHED GOODS STAMPING,270,5,1,NULL,NULL,NULL,NULL,NULL,NULL,1,1,230,55,56,NULL,NULL,NULL
24,11.05.01.05,FINISHED GOODS TOOLING,280,5,1,NULL,NULL,NULL,NULL,NULL,NULL,1,1,230,57,58,NULL,NULL,NULL
25,11.05.02.00,GENERAL INVENTORY,290,4,1,NULL,NULL,NULL,NULL,NULL,NULL,1,1,220,60,61,NULL,NULL,NULL
26,11.05.03.00,STATIONARY & OFFICE INVENTORY,300,4,1,NULL,NULL,NULL,NULL,NULL,NULL,1,1,220,62,63,NULL,NULL,NULL
27,11.05.04.00,TOOL ROOM INVENTORY,310,4,1,NULL,NULL,NULL,NULL,NULL,NULL,1,1,220,64,65,NULL,NULL,NULL
28,11.05.05.00,ALLOWANCE  FOR OBSOLESCENT,320,4,1,NULL,NULL,NULL,NULL,NULL,NULL,1,1,220,66,67,NULL,NULL,NULL
29,11.06.00.00,ADVANCED PURCHASE,330,3,1,3,NULL,11,NULL,1,NULL,0,1,20,69,84,NULL,NULL,NULL
30,11.06.01.00,VENDOR PREPAYMENTS,340,4,1,NULL,NULL,NULL,NULL,NULL,NULL,1,1,330,70,71,NULL,NULL,NULL
31,11.06.02.00,ADVANCED PAYMENTS,350,4,1,NULL,NULL,NULL,NULL,NULL,NULL,1,1,330,72,73,NULL,NULL,NULL
32,11.06.03.00,ADVANCE PAYMENT OF EMPLOYEE,360,4,1,NULL,NULL,NULL,NULL,NULL,NULL,1,1,330,74,75,NULL,NULL,NULL
33,11.06.05.01,ADVANCE PAYMENT OF GUARANTEE SALES,390,5,1,NULL,NULL,NULL,NULL,NULL,NULL,1,1,380,79,80,NULL,NULL,NULL
34,11.06.05.02,OTHER ADVANCE PAYMENT OF GUARANTEE,400,5,1,NULL,NULL,NULL,NULL,NULL,NULL,1,1,380,81,82,NULL,NULL,NULL
35,11.07.00.00,PREPAID EXPENSE & PREPAID TAX,410,3,1,3,NULL,11,NULL,1,NULL,0,1,20,85,124,NULL,NULL,NULL
36,11.07.01.00,PREPAID EXPENSE,420,4,1,NULL,NULL,NULL,NULL,NULL,NULL,0,1,410,86,95,NULL,NULL,NULL
37,11.07.01.01,PREPAID INSURANCE,430,5,1,NULL,NULL,NULL,NULL,NULL,NULL,1,1,420,87,88,NULL,NULL,NULL
38,11.07.01.02,PREPAID RENT,440,5,1,NULL,NULL,NULL,NULL,NULL,NULL,1,1,420,89,90,NULL,NULL,NULL
39,11.07.01.03,PREPAID INTEREST,450,5,1,NULL,NULL,NULL,NULL,NULL,NULL,1,1,420,91,92,NULL,NULL,NULL
40,11.07.01.04,OTHER PREPAID EXPENSE,460,5,1,NULL,NULL,NULL,NULL,NULL,NULL,1,1,420,93,94,NULL,NULL,NULL
41,11.07.02.00,PREPAID TAX,470,4,1,NULL,NULL,NULL,NULL,NULL,NULL,0,1,410,96,117,NULL,NULL,NULL
42,11.07.02.01,INPUT VAT,480,5,1,NULL,NULL,NULL,NULL,NULL,NULL,1,1,470,97,98,NULL,NULL,NULL
43,11.07.02.02,INPUT VAT ON HOLD,490,5,1,NULL,NULL,NULL,NULL,NULL,NULL,1,1,470,99,100,NULL,NULL,NULL
44,11.07.02.03,WITHOLDING TAX RECEIVABLE (PPH 21),500,5,1,NULL,NULL,NULL,NULL,NULL,NULL,1,1,470,101,102,NULL,NULL,NULL
45,11.07.02.04,WITHOLDING TAX RECEIVABLE (PPH 22),510,5,1,NULL,NULL,NULL,NULL,NULL,NULL,1,1,470,103,104,NULL,NULL,NULL
46,11.07.02.05,WITHOLDING TAX RECEIVABLE (PPH 23),520,5,1,NULL,NULL,NULL,NULL,NULL,NULL,1,1,470,105,106,NULL,NULL,NULL
47,11.07.02.06,WITHOLDING TAX RECEIVABLE (PPH 25/29),530,5,1,NULL,NULL,NULL,NULL,NULL,NULL,1,1,470,107,108,NULL,NULL,NULL
48,11.07.02.07,DEFFERED TAX ASSETS,540,5,1,NULL,NULL,NULL,NULL,NULL,NULL,1,1,470,109,110,NULL,NULL,NULL
49,11.07.03.00,DEFFERED EXPENSE,550,4,1,NULL,NULL,NULL,NULL,NULL,NULL,0,1,410,118,123,NULL,NULL,NULL
50,11.07.03.01,DEFFERED EXPENSE,560,5,1,NULL,NULL,NULL,NULL,NULL,NULL,1,1,550,119,120,NULL,NULL,NULL
51,11.07.03.02,ACCRUED INCOME RECEIVED,570,5,1,NULL,NULL,NULL,NULL,NULL,NULL,1,1,550,121,122,NULL,NULL,NULL
52,12.00.00.00,NON CURRENT ASSET,580,2,1,NULL,NULL,NULL,NULL,NULL,NULL,0,1,10,126,169,NULL,NULL,NULL
53,12.01.00.00,LONG TERM INVESTMENT,590,3,1,5,NULL,12,NULL,1,NULL,1,1,580,127,128,NULL,NULL,NULL
54,12.02.00.00,FIXED ASSET,600,3,1,NULL,NULL,12,NULL,1,NULL,0,1,580,129,168,NULL,NULL,NULL
55,12.02.01.00,HISTORICAL COST OF ASSET,610,4,1,5,NULL,NULL,NULL,NULL,NULL,0,1,600,130,149,NULL,NULL,NULL
56,12.02.01.01,LAND,620,5,1,NULL,NULL,NULL,NULL,NULL,NULL,1,1,610,131,132,NULL,NULL,NULL
57,12.02.01.02,BUILDING,630,5,1,NULL,NULL,NULL,NULL,NULL,NULL,1,1,610,133,134,NULL,NULL,NULL
58,12.02.01.03,VEHICLE,640,5,1,NULL,NULL,NULL,NULL,NULL,NULL,1,1,610,135,136,NULL,NULL,NULL
59,12.02.01.04,PLANT EQUIPMENT,650,5,1,NULL,NULL,NULL,NULL,NULL,NULL,1,1,610,137,138,NULL,NULL,NULL
60,12.02.01.05,OFFICE EQUIPMENT,660,5,1,NULL,NULL,NULL,NULL,NULL,NULL,1,1,610,139,140,NULL,NULL,NULL
61,12.02.01.06,MACHINE,670,5,1,NULL,NULL,NULL,NULL,NULL,NULL,1,1,610,141,142,NULL,NULL,NULL
62,12.02.01.07,FURNITURE AND FIXTURE,680,5,1,NULL,NULL,NULL,NULL,NULL,NULL,1,1,610,143,144,NULL,NULL,NULL
63,12.02.01.08,COMPUTER,690,5,1,NULL,NULL,NULL,NULL,NULL,NULL,1,1,610,145,146,NULL,NULL,NULL
64,12.02.02.00,ACCUMULATED DEPRECIATION,700,4,1,2,NULL,NULL,NULL,NULL,NULL,0,1,600,150,167,NULL,NULL,NULL
65,12.02.02.02,ACC DEPRECIATION EXPENSE OF BUILDING,710,5,1,NULL,NULL,NULL,NULL,NULL,NULL,1,1,700,151,152,NULL,NULL,NULL
66,12.02.02.03,ACC DEPRECIATION EXPENSE OF VEHICLE,720,5,1,NULL,NULL,NULL,NULL,NULL,NULL,1,1,700,153,154,NULL,NULL,NULL
67,12.02.02.04,ACC DEPRECIATION EXPENSE OF PLANT EQUIPMENT,730,5,1,NULL,NULL,NULL,NULL,NULL,NULL,1,1,700,155,156,NULL,NULL,NULL
68,12.02.02.05,ACC DEPRECIATION EXPENSE OF OFFICE EQUIPMENT,740,5,1,NULL,NULL,NULL,NULL,NULL,NULL,1,1,700,157,158,NULL,NULL,NULL
69,12.02.02.06,ACC DEPRECIATION EXPENSE OF MACHINE,750,5,1,NULL,NULL,NULL,NULL,NULL,NULL,1,1,700,159,160,NULL,NULL,NULL
70,12.02.02.07,ACC DEPRECIATION EXPENSE OF FURNITURE AND FIXTURE,760,5,1,NULL,NULL,NULL,NULL,NULL,NULL,1,1,700,161,162,NULL,NULL,NULL
71,12.02.02.08,ACC DEPRECIATION EXPENSE OF COMPUTER,770,5,1,NULL,NULL,NULL,NULL,NULL,NULL,1,1,700,163,164,NULL,NULL,NULL
72,13.00.00.00,OTHER ASSET,780,2,1,NULL,NULL,NULL,NULL,NULL,NULL,0,1,10,170,205,NULL,NULL,NULL
73,13.01.00.00,HISTORICAL COST OF INTANGIBLE ASSET,790,3,1,3,NULL,13,NULL,1,NULL,0,1,780,171,184,NULL,NULL,NULL
74,13.01.01.00,GOODWILL,800,4,1,NULL,NULL,NULL,NULL,NULL,NULL,1,1,790,172,173,NULL,NULL,NULL
75,13.01.02.00,INCORPORATION DEED & LICENSE,810,4,1,NULL,NULL,NULL,NULL,NULL,NULL,1,1,790,174,175,NULL,NULL,NULL
76,13.01.03.00,MERK,820,4,1,NULL,NULL,NULL,NULL,NULL,NULL,1,1,790,176,177,NULL,NULL,NULL
77,13.01.04.00,AGIO,830,4,1,NULL,NULL,NULL,NULL,NULL,NULL,1,1,790,178,179,NULL,NULL,NULL
78,13.01.05.00,SOFTWARE,840,4,1,NULL,NULL,NULL,NULL,NULL,NULL,1,1,790,180,181,NULL,NULL,NULL
79,13.01.06.00,RIGHT OF LAND,850,4,1,NULL,NULL,NULL,NULL,NULL,NULL,1,1,790,182,183,NULL,NULL,NULL
80,13.02.00.00,ACC AMORTIZATION,860,3,1,3,NULL,13,NULL,1,NULL,0,1,780,185,198,NULL,NULL,NULL
81,13.02.01.00,ACC AMORT GOODWILL,870,4,1,NULL,NULL,NULL,NULL,NULL,NULL,1,1,860,186,187,NULL,NULL,NULL
82,13.02.02.00,ACC AMORT INCORPORATION DEED & LICENSE,880,4,1,NULL,NULL,NULL,NULL,NULL,NULL,1,1,860,188,189,NULL,NULL,NULL
83,13.02.03.00,ACC AMORT MERK,890,4,1,NULL,NULL,NULL,NULL,NULL,NULL,1,1,860,190,191,NULL,NULL,NULL
84,13.02.04.00,ACC AMORT AGIO,900,4,1,NULL,NULL,NULL,NULL,NULL,NULL,1,1,860,192,193,NULL,NULL,NULL
85,13.02.05.00,ACC AMORT SOFTWARE,910,4,1,NULL,NULL,NULL,NULL,NULL,NULL,1,1,860,194,195,NULL,NULL,NULL
86,13.02.06.00,ACC AMORT RIGHT OF LAND,920,4,1,NULL,NULL,NULL,NULL,NULL,NULL,1,1,860,196,197,NULL,NULL,NULL
87,13.03.00.00,DEFFERED EXPENSE - PRE OPERATION,930,3,1,3,NULL,13,NULL,1,NULL,1,1,780,199,200,NULL,NULL,NULL
88,13.04.00.00,DEFFERED EXPENSE - PROJECT,940,3,1,3,NULL,13,NULL,1,NULL,1,1,780,201,202,NULL,NULL,NULL
89,20.00.00.00,LIABILITY,950,1,2,NULL,NULL,20,NULL,NULL,NULL,0,1,0,207,296,NULL,NULL,NULL
90,20.01.00.00,SHORT TERM LIABILITY,960,2,2,NULL,NULL,NULL,NULL,NULL,NULL,0,1,950,208,285,NULL,NULL,NULL
91,20.01.01.00,BANK LIABILITY,970,3,2,4,NULL,21,NULL,1,NULL,0,1,960,209,212,NULL,NULL,NULL
92,20.01.01.01,SHORT TERM LIABILITY OF BANK,980,4,2,NULL,NULL,NULL,NULL,NULL,NULL,1,1,970,210,211,NULL,NULL,NULL
93,20.01.02.00,ACCOUNT PAYABLE,990,3,2,4,NULL,21,NULL,1,NULL,0,1,960,213,222,NULL,NULL,NULL
94,20.01.02.01,ACCOUNT PAYABLE - TRADE,1000,4,2,NULL,NULL,NULL,NULL,NULL,NULL,1,1,990,214,215,NULL,NULL,NULL
95,20.01.02.02,ACCOUNT PAYABLE - SERVICE,1010,4,2,NULL,NULL,NULL,NULL,NULL,NULL,1,1,990,216,217,NULL,NULL,NULL
96,20.01.02.03,GOODS NOT RECEIVED INVOICE,1020,4,2,NULL,NULL,NULL,NULL,NULL,NULL,1,1,990,218,219,NULL,NULL,NULL
97,20.01.02.04,RETURN IN-PROCESS,1030,4,2,NULL,NULL,NULL,NULL,NULL,NULL,1,1,990,220,221,NULL,NULL,NULL
98,20.01.03.00,ACCRUED PAYABLE,1040,3,2,4,NULL,21,NULL,1,NULL,0,1,960,223,244,NULL,NULL,NULL
99,20.01.03.01,INTEREST PAYABLE,1050,4,2,NULL,NULL,NULL,NULL,NULL,NULL,1,1,1040,224,225,NULL,NULL,NULL
100,20.01.03.02,SALARIES PAYABLE,1060,4,2,NULL,NULL,NULL,NULL,NULL,NULL,1,1,1040,226,227,NULL,NULL,NULL
101,20.01.03.03,INSURANCE PAYABLE,1070,4,2,NULL,NULL,NULL,NULL,NULL,NULL,1,1,1040,228,229,NULL,NULL,NULL
102,20.01.03.04,ALLOWANCE OF PROVISON,1080,4,2,NULL,NULL,NULL,NULL,NULL,NULL,1,1,1040,230,231,NULL,NULL,NULL
103,20.01.03.05,ELECTRIC AND LIGHTING PAYABLE,1090,4,2,NULL,NULL,NULL,NULL,NULL,NULL,1,1,1040,232,233,NULL,NULL,NULL
104,20.01.03.06,PHONE, FAX PAYABLE,1100,4,2,NULL,NULL,NULL,NULL,NULL,NULL,1,1,1040,234,235,NULL,NULL,NULL
105,20.01.03.07,WATER PAM PAYABLE,1110,4,2,NULL,NULL,NULL,NULL,NULL,NULL,1,1,1040,236,237,NULL,NULL,NULL
106,20.01.03.08,AUDIT PAYABLE,1120,4,2,NULL,NULL,NULL,NULL,NULL,NULL,1,1,1040,238,239,NULL,NULL,NULL
107,20.01.03.09,IMPORT DUTY PAYABLE,1130,4,2,NULL,NULL,NULL,NULL,NULL,NULL,1,1,1040,240,241,NULL,NULL,NULL
108,20.01.03.10,OTHER PAYABLE,1140,4,2,NULL,NULL,NULL,NULL,NULL,NULL,1,1,1040,242,243,NULL,NULL,NULL
109,20.01.04.00,TAX PAYABLE,1150,3,2,4,NULL,21,NULL,1,NULL,0,1,960,245,254,NULL,NULL,NULL
110,20.01.04.01,OUTPUT VAT,1160,4,2,NULL,NULL,NULL,NULL,NULL,NULL,1,1,1150,246,247,NULL,NULL,NULL
111,20.01.04.02,WITHOLDING TAX PAYABLE,1170,4,2,NULL,NULL,NULL,NULL,NULL,NULL,1,1,1150,248,249,NULL,NULL,NULL
112,20.01.04.03,OTHER TAX PAYABLE,1180,4,2,NULL,NULL,NULL,NULL,NULL,NULL,1,1,1150,250,251,NULL,NULL,NULL
113,20.01.04.04,DEFFERED TAX PAYABLE,1190,4,2,NULL,NULL,NULL,NULL,NULL,NULL,1,1,1150,252,253,NULL,NULL,NULL
114,20.01.05.00,UNEARNED REVENUE,1200,3,2,4,NULL,21,NULL,1,NULL,0,1,960,255,260,NULL,NULL,NULL
115,20.01.05.01,SALES RECEIVE INCOME,1210,4,2,NULL,NULL,NULL,NULL,NULL,NULL,1,1,1200,256,257,NULL,NULL,NULL
116,20.01.05.02,DEPOSIT FROM CUSTOMER,1220,4,2,62,NULL,NULL,NULL,NULL,NULL,1,1,1200,258,259,NULL,NULL,NULL
117,20.01.06.00,OTHER SHORT TERM LIABILTY,1230,3,2,4,NULL,21,NULL,1,NULL,1,1,960,261,262,NULL,NULL,NULL
118,20.01.07.00,LONG TERM LIABILITY - 1 YEAR MATURITY,1240,3,2,4,NULL,21,NULL,1,NULL,0,1,960,263,266,NULL,NULL,NULL
119,20.01.07.01,LONG TERM LIABILITY - MATURITY WILL BE 1 YEAR,1250,4,2,6,NULL,NULL,NULL,NULL,NULL,1,1,1240,264,265,NULL,NULL,NULL
120,20.01.08.00,OTHER LIABILITY,1260,3,2,4,NULL,21,NULL,1,NULL,0,1,960,267,276,NULL,NULL,NULL
121,20.01.08.01,OTHER LIABILITY - INTERCOMPANY AFFILIATION,1270,4,2,NULL,NULL,NULL,NULL,NULL,NULL,1,1,1260,268,269,NULL,NULL,NULL
122,20.01.08.02,OTHER LIABILITY - SHAREHOLDERS,1280,4,2,NULL,NULL,NULL,NULL,NULL,NULL,1,1,1260,270,271,NULL,NULL,NULL
123,20.01.08.03,OTHER LIABILITY - DIRECTOR ,1290,4,2,NULL,NULL,NULL,NULL,NULL,NULL,1,1,1260,272,273,NULL,NULL,NULL
124,20.01.08.04,OTHER CURRENT LIABILITY,1300,4,2,NULL,NULL,NULL,NULL,NULL,NULL,1,1,1260,274,275,NULL,NULL,NULL
125,20.01.09.00,RELATED PARTIES LIABILITY,1310,3,2,4,NULL,21,NULL,1,NULL,1,1,960,277,278,NULL,NULL,NULL
126,20.01.10.00,ESTIMATED EMPLOYEE,1320,3,2,NULL,NULL,21,NULL,1,NULL,0,1,960,279,284,NULL,NULL,NULL
127,20.01.10.01,Estimated Employee Benefit,1330,4,2,NULL,NULL,NULL,NULL,NULL,NULL,1,1,1320,280,281,NULL,NULL,NULL
128,20.01.10.02,Estimated  Severance Pay,1340,4,2,NULL,NULL,NULL,NULL,NULL,NULL,1,1,1320,282,283,NULL,NULL,NULL
129,20.02.00.00,LONG TERM LIABILITY,1350,2,2,NULL,NULL,NULL,NULL,NULL,NULL,0,1,950,286,295,NULL,NULL,NULL
130,20.02.01.00,LONG TERM LIABILITY OF BANK,1360,3,2,4,NULL,22,NULL,1,NULL,1,1,1350,287,288,NULL,NULL,NULL
131,20.02.02.00,DEFERRED TAX LIABILITY,1370,3,2,4,NULL,22,NULL,1,NULL,1,1,1350,289,290,NULL,NULL,NULL
132,20.02.03.00,ESTIMATED LIABILITY FOR WORK,1380,3,2,4,NULL,22,NULL,1,NULL,1,1,1350,291,292,NULL,NULL,NULL
133,20.02.04.00,LEASING LIABILITY,1390,3,2,4,NULL,22,NULL,1,NULL,1,1,1350,293,294,NULL,NULL,NULL
134,30.00.00.00,CAPITAL,1400,1,3,NULL,NULL,30,NULL,NULL,NULL,0,1,0,297,310,NULL,NULL,NULL
135,30.01.00.00,PAID IN CAPITAL,1410,2,3,NULL,NULL,31,NULL,1,NULL,0,1,1400,298,303,NULL,NULL,NULL
136,30.01.01.00,PAID IN CAPITAL,1420,3,3,NULL,NULL,NULL,NULL,NULL,NULL,1,1,1410,299,300,NULL,NULL,NULL
137,30.01.02.00,ADDITIONAL PAID IN CAPITAL,1430,3,3,5,NULL,NULL,NULL,NULL,NULL,1,1,1410,301,302,NULL,NULL,NULL
138,30.02.00.00,RETAINED EARNING,1440,2,3,NULL,NULL,NULL,NULL,1,NULL,1,1,1400,304,305,NULL,NULL,NULL
139,30.03.00.00,NET PROFIT AND LOSS,1450,2,3,NULL,NULL,NULL,NULL,1,NULL,1,1,1400,306,307,NULL,NULL,NULL
140,40.00.00.00,REVENUE,1460,1,4,NULL,NULL,NULL,NULL,NULL,NULL,0,0,0,311,318,NULL,NULL,NULL
141,40.01.00.00,SALES,1470,2,4,NULL,NULL,NULL,40,1,NULL,1,0,1460,312,313,NULL,NULL,NULL
142,40.02.00.00,SALES DISCOUNT,1480,2,4,NULL,NULL,NULL,40,1,NULL,1,0,1460,314,315,NULL,NULL,NULL
143,40.03.00.00,SALES RETURN,1490,2,4,NULL,NULL,NULL,40,1,NULL,1,0,1460,316,317,NULL,NULL,NULL
144,50.00.00.00,COST OF GOOD SOLD,1500,1,5,NULL,NULL,NULL,NULL,NULL,NULL,0,0,0,319,492,NULL,NULL,NULL
145,50.01.00.00,COST OF INVENTORY,1510,2,5,NULL,NULL,NULL,50,NULL,NULL,0,0,1500,320,327,NULL,NULL,NULL
146,50.01.01.00,INVENTORY USAGE,1520,3,5,NULL,NULL,NULL,51,1,NULL,1,0,1510,321,322,NULL,NULL,NULL
147,50.01.02.00,SUBCONT USAGE,1530,3,5,NULL,NULL,NULL,51,1,NULL,1,0,1510,323,324,NULL,NULL,NULL
148,50.02.00.00,DIRECT COST,1540,2,5,NULL,NULL,NULL,50,NULL,NULL,0,0,1500,328,393,NULL,NULL,NULL
149,50.02.01.00,SALARY AND ALLOWANCES,1550,3,5,NULL,NULL,NULL,52,1,NULL,0,0,1540,329,356,NULL,NULL,NULL
150,50.02.01.01,SALARY EXPENSE,1560,4,5,NULL,NULL,NULL,NULL,NULL,NULL,1,0,1550,330,331,NULL,NULL,NULL
151,50.02.01.02,EMPLOYEE TRANSPORT ,1570,4,5,NULL,NULL,NULL,NULL,NULL,NULL,1,0,1550,332,333,NULL,NULL,NULL
152,50.02.01.03,OVERTIME EXPENSE,1580,4,5,NULL,NULL,NULL,NULL,NULL,NULL,1,0,1550,334,335,NULL,NULL,NULL
153,50.02.01.04,THR EXPENSE,1590,4,5,NULL,NULL,NULL,NULL,NULL,NULL,1,0,1550,336,337,NULL,NULL,NULL
154,50.02.01.05,PART TIME EXPENSE,1600,4,5,NULL,NULL,NULL,NULL,NULL,NULL,1,0,1550,338,339,NULL,NULL,NULL
155,50.02.01.06,WELFARE EXPENSE,1610,4,5,NULL,NULL,NULL,NULL,NULL,NULL,1,0,1550,340,341,NULL,NULL,NULL
156,50.02.01.07,INSURANCE LIFE EXPENSE,1620,4,5,NULL,NULL,NULL,NULL,NULL,NULL,1,0,1550,342,343,NULL,NULL,NULL
157,50.02.01.08,Post- Retirement Benefits Expense,1630,4,5,NULL,NULL,NULL,NULL,NULL,NULL,1,0,1550,344,345,NULL,NULL,NULL
158,50.02.01.09,BONUS EXPENSE,1640,4,5,NULL,NULL,NULL,NULL,NULL,NULL,1,0,1550,346,347,NULL,NULL,NULL
159,50.02.01.10,MEDICAL ALLOWANCES / ASKES,1650,4,5,NULL,NULL,NULL,NULL,NULL,NULL,1,0,1550,348,349,NULL,NULL,NULL
160,50.02.01.11,THT EXPENSE,1660,4,5,NULL,NULL,NULL,NULL,NULL,NULL,1,0,1550,350,351,NULL,NULL,NULL
161,50.02.01.12,MEAL AND HEALTY EXPENSE,1670,4,5,NULL,NULL,NULL,NULL,NULL,NULL,1,0,1550,352,353,NULL,NULL,NULL
162,50.02.01.13,OTHER ALLOWANCE EXPENSE,1680,4,5,NULL,NULL,NULL,NULL,NULL,NULL,1,0,1550,354,355,NULL,NULL,NULL
163,50.02.06.00,UTILITY EXPENSE,1690,3,5,NULL,NULL,NULL,52,1,NULL,0,0,1540,357,376,NULL,NULL,NULL
164,50.02.06.01,ELECTRIC AND LIGHTING EXPENSE,1700,4,5,NULL,NULL,NULL,NULL,NULL,NULL,1,0,1690,358,359,NULL,NULL,NULL
165,50.02.06.02,PHONE, FAX, EXPENSE,1710,4,5,NULL,NULL,NULL,NULL,NULL,NULL,1,0,1690,360,361,NULL,NULL,NULL
166,50.02.06.03,INTERNET EXPENSE,1720,4,5,NULL,NULL,NULL,NULL,NULL,NULL,1,0,1690,362,363,NULL,NULL,NULL
167,50.02.06.04,WATER PAM EXPENSE,1730,4,5,NULL,NULL,NULL,NULL,NULL,NULL,1,0,1690,364,365,NULL,NULL,NULL
168,50.02.06.05,SECURITY AND CLEANING BUILDING,1740,4,5,NULL,NULL,NULL,NULL,NULL,NULL,1,0,1690,366,367,NULL,NULL,NULL
169,50.02.06.06,GOODS PRINTED EXP ,1750,4,5,NULL,NULL,NULL,NULL,NULL,NULL,1,0,1690,368,369,NULL,NULL,NULL
170,50.02.06.07,PHOTOCOPY EXPENSE,1760,4,5,NULL,NULL,NULL,NULL,NULL,NULL,1,0,1690,370,371,NULL,NULL,NULL
171,50.02.06.08,MOBILE PHONE EXPENSE,1770,4,5,NULL,NULL,NULL,NULL,NULL,NULL,1,0,1690,372,373,NULL,NULL,NULL
172,50.02.06.09,CUSTOMER SERVICES EXPENSE,1780,4,5,NULL,NULL,NULL,NULL,NULL,NULL,1,0,1690,374,375,NULL,NULL,NULL
173,50.02.19.00,DISTRIBUTION EXPENSE,1790,3,5,NULL,NULL,NULL,52,1,NULL,0,0,1540,377,384,NULL,NULL,NULL
174,50.02.26.00,DEPRECIATION AND AMORTIZATION EXPENSE,1800,3,5,NULL,NULL,NULL,52,1,NULL,1,0,1540,385,386,NULL,NULL,NULL
175,50.02.26.07,DEPRECIATION EXPENSE OF MACHINE,1810,3,5,NULL,NULL,NULL,52,1,NULL,1,0,1540,387,388,NULL,NULL,NULL
176,50.02.28.00,REPAIR AND MAINTENANCE EXPENSE,1820,3,5,NULL,NULL,NULL,52,1,NULL,1,0,1540,389,390,NULL,NULL,NULL
177,50.02.28.07,REPAIR AND MAINTENANCE EXP OF MACHINE,1830,3,5,NULL,NULL,NULL,52,1,NULL,1,0,1540,391,392,NULL,NULL,NULL
178,50.03.00.00,OVERHEAD,1840,2,5,NULL,NULL,NULL,50,NULL,NULL,0,0,1500,394,491,NULL,NULL,NULL
179,50.03.01.00,SALARY AND ALLOWANCES,1850,3,5,NULL,NULL,NULL,53,1,NULL,0,0,1840,395,422,NULL,NULL,NULL
180,50.03.01.01,SALARY EXPENSE,1860,4,5,NULL,NULL,NULL,NULL,NULL,NULL,1,0,1850,396,397,NULL,NULL,NULL
181,50.03.01.02,EMPLOYEE TRANSPORT ,1870,4,5,NULL,NULL,NULL,NULL,NULL,NULL,1,0,1850,398,399,NULL,NULL,NULL
182,50.03.01.03,OVERTIME EXPENSE,1880,4,5,NULL,NULL,NULL,NULL,NULL,NULL,1,0,1850,400,401,NULL,NULL,NULL
183,50.03.01.04,THR EXPENSE,1890,4,5,NULL,NULL,NULL,NULL,NULL,NULL,1,0,1850,402,403,NULL,NULL,NULL
184,50.03.01.05,PART TIME EXPENSE,1900,4,5,NULL,NULL,NULL,NULL,NULL,NULL,1,0,1850,404,405,NULL,NULL,NULL
185,50.03.01.06,WELFARE EXPENSE,1910,4,5,NULL,NULL,NULL,NULL,NULL,NULL,1,0,1850,406,407,NULL,NULL,NULL
186,50.03.01.07,INSURANCE LIFE EXPENSE,1920,4,5,NULL,NULL,NULL,NULL,NULL,NULL,1,0,1850,408,409,NULL,NULL,NULL
187,50.03.01.08,Post- Retirement Benefits Expense,1930,4,5,NULL,NULL,NULL,NULL,NULL,NULL,1,0,1850,410,411,NULL,NULL,NULL
188,50.03.01.09,BONUS EXPENSE,1940,4,5,NULL,NULL,NULL,NULL,NULL,NULL,1,0,1850,412,413,NULL,NULL,NULL
189,50.03.01.10,MEDICAL ALLOWANCES / ASKES,1950,4,5,NULL,NULL,NULL,NULL,NULL,NULL,1,0,1850,414,415,NULL,NULL,NULL
190,50.03.01.11,THT EXPENSE,1960,4,5,NULL,NULL,NULL,NULL,NULL,NULL,1,0,1850,416,417,NULL,NULL,NULL
191,50.03.01.12,MEAL AND HEALTY EXPENSE,1970,4,5,NULL,NULL,NULL,NULL,NULL,NULL,1,0,1850,418,419,NULL,NULL,NULL
192,50.03.01.13,OTHER ALLOWANCES EXPENSE,1980,4,5,NULL,NULL,NULL,NULL,NULL,NULL,1,0,1850,420,421,NULL,NULL,NULL
193,50.03.03.00,INSURANCE EXPENSE,1990,3,5,NULL,NULL,NULL,53,1,NULL,1,0,1840,423,424,NULL,NULL,NULL
194,50.03.04.00,SUPPLIES EXPENSES,2000,3,5,NULL,NULL,NULL,53,1,NULL,1,0,1840,425,426,NULL,NULL,NULL
195,50.03.05.00,RENT EXPENSE,2010,3,5,NULL,NULL,NULL,53,1,NULL,1,0,1840,427,428,NULL,NULL,NULL
196,50.03.06.00,UTILITY EXPENSE,2020,3,5,NULL,NULL,NULL,53,1,NULL,0,0,1840,429,448,NULL,NULL,NULL
197,50.03.06.01,ELECTRIC AND LIGHTING EXPENSE,2030,4,5,NULL,NULL,NULL,NULL,NULL,NULL,1,0,2020,430,431,NULL,NULL,NULL
198,50.03.06.02,PHONE, FAX EXPENSE,2040,4,5,NULL,NULL,NULL,NULL,NULL,NULL,1,0,2020,432,433,NULL,NULL,NULL
199,50.03.06.03,INTERNET EXPENSE,2050,4,5,NULL,NULL,NULL,NULL,NULL,NULL,1,0,2020,434,435,NULL,NULL,NULL
200,50.03.06.04,WATER PAM EXPENSE,2060,4,5,NULL,NULL,NULL,NULL,NULL,NULL,1,0,2020,436,437,NULL,NULL,NULL
201,50.03.06.05,SECURITY AND CLEANING BUILDING,2070,4,5,NULL,NULL,NULL,NULL,NULL,NULL,1,0,2020,438,439,NULL,NULL,NULL
202,50.03.06.06,GOODS PRINTED EXP ,2080,4,5,NULL,NULL,NULL,NULL,NULL,NULL,1,0,2020,440,441,NULL,NULL,NULL
203,50.03.06.07,PHOTOCOPY EXPENSE,2090,4,5,NULL,NULL,NULL,NULL,NULL,NULL,1,0,2020,442,443,NULL,NULL,NULL
204,50.03.06.08,MOBILE PHONE EXPENSE,2100,4,5,NULL,NULL,NULL,NULL,NULL,NULL,1,0,2020,444,445,NULL,NULL,NULL
205,50.03.06.09,CUSTOMER SERVICES EXPENSE,2110,4,5,NULL,NULL,NULL,NULL,NULL,NULL,1,0,2020,446,447,NULL,NULL,NULL
206,50.03.19.00,DISTRIBUTION EXPENSE,2120,3,5,NULL,NULL,NULL,53,1,NULL,1,0,1840,449,450,NULL,NULL,NULL
207,50.03.26.00,DEPRECIATION AND AMORTIZATION EXPENSE,2130,3,5,NULL,NULL,NULL,53,1,NULL,0,0,1840,451,470,NULL,NULL,NULL
208,50.03.26.01,DEPRECIATION EXPENSE OF BUILDING,2140,4,5,NULL,NULL,NULL,NULL,NULL,NULL,1,0,2130,452,453,NULL,NULL,NULL
209,50.03.26.02,DEPRECIATION EXPENSE OF OFFICE EQUIPMENT,2150,4,5,NULL,NULL,NULL,NULL,NULL,NULL,1,0,2130,454,455,NULL,NULL,NULL
210,50.03.26.03,DEPRECIATION EXPENSE OF PLANT EQUIPMENT,2160,4,5,NULL,NULL,NULL,NULL,NULL,NULL,1,0,2130,456,457,NULL,NULL,NULL
211,50.03.26.04,DEPRECIATION EXPENSE OF VEHICLE,2170,4,5,NULL,NULL,NULL,NULL,NULL,NULL,1,0,2130,458,459,NULL,NULL,NULL
212,50.03.26.05,DEPRECIATION EXPENSE OF COMPUTER,2180,4,5,NULL,NULL,NULL,NULL,NULL,NULL,1,0,2130,460,461,NULL,NULL,NULL
213,50.03.26.06,DEPRECIATION EXPENSE OF FURNITURE AND FIXTURE,2190,4,5,NULL,NULL,NULL,NULL,NULL,NULL,1,0,2130,462,463,NULL,NULL,NULL
214,50.03.26.07,AMORTIZATION EXPENSE OF SOFTWARE,2200,4,5,NULL,NULL,NULL,NULL,NULL,NULL,1,0,2130,464,465,NULL,NULL,NULL
215,50.03.26.08,AMORTIZATION EXPENSE OF RENOVATED BUILDING,2210,4,5,NULL,NULL,NULL,NULL,NULL,NULL,1,0,2130,466,467,NULL,NULL,NULL
216,50.03.27.00,TRAINING AND COURSE EXPENSE,2220,3,5,NULL,NULL,NULL,53,1,NULL,1,0,1840,471,472,NULL,NULL,NULL
217,50.03.28.00,REPAIR AND MAINTENANCE EXPENSE,2230,3,5,NULL,NULL,NULL,53,1,NULL,0,0,1840,473,488,NULL,NULL,NULL
218,50.03.28.01,REPAIR AND MAINTENANCE EXP OF BUILDING,2240,4,5,NULL,NULL,NULL,NULL,NULL,NULL,1,0,2230,474,475,NULL,NULL,NULL
219,50.03.28.02,REPAIR AND MAINTENANCE EXP OF PLANT EQUIPMENT,2250,4,5,NULL,NULL,NULL,NULL,NULL,NULL,1,0,2230,476,477,NULL,NULL,NULL
220,50.03.28.03,REPAIR AND MAINTENANCE EXP OF OFFICE EQUIPMENT,2260,4,5,NULL,NULL,NULL,NULL,NULL,NULL,1,0,2230,478,479,NULL,NULL,NULL
221,50.03.28.04,REPAIR AND MAINTENANCE EXP OF VEHICLE,2270,4,5,NULL,NULL,NULL,NULL,NULL,NULL,1,0,2230,480,481,NULL,NULL,NULL
222,50.03.28.05,REPAIR AND MAINTENANCE EXP OF COMPUTER,2280,4,5,NULL,NULL,NULL,NULL,NULL,NULL,1,0,2230,482,483,NULL,NULL,NULL
223,50.03.28.06,REPAIR AND MAINTENANCE EXP OF FURNITURE AND FIXTURE,2290,4,5,NULL,NULL,NULL,NULL,NULL,NULL,1,0,2230,484,485,NULL,NULL,NULL
224,50.03.28.07,REPAIR AND MAINTENANCE EXP OF SOFWARE,2300,4,5,NULL,NULL,NULL,NULL,NULL,NULL,1,0,2230,486,487,NULL,NULL,NULL
225,50.03.29.00,SAMPLE,2310,3,5,NULL,NULL,NULL,53,1,NULL,1,0,1840,489,490,NULL,NULL,NULL
226,60.00.00.00,OPERATIONAL EXPENSE,2320,1,6,NULL,NULL,NULL,60,NULL,NULL,0,0,0,493,638,NULL,NULL,NULL
227,60.01.00.00,SALARY AND ALLOWANCES,2330,2,6,NULL,NULL,NULL,61,1,NULL,0,0,2320,494,521,NULL,NULL,NULL
228,60.01.01.00,SALARY EXPENSE,2340,3,6,NULL,NULL,NULL,NULL,NULL,NULL,1,0,2330,495,496,NULL,NULL,NULL
229,60.01.02.00,EMPLOYEE TRANSPORT ,2350,3,6,NULL,NULL,NULL,NULL,NULL,NULL,1,0,2330,497,498,NULL,NULL,NULL
230,60.01.03.00,OVERTIME EXPENSE,2360,3,6,NULL,NULL,NULL,NULL,NULL,NULL,1,0,2330,499,500,NULL,NULL,NULL
231,60.01.04.00,THR EXPENSE,2370,3,6,NULL,NULL,NULL,NULL,NULL,NULL,1,0,2330,501,502,NULL,NULL,NULL
232,60.01.05.00,PART TIME EXPENSE,2380,3,6,NULL,NULL,NULL,NULL,NULL,NULL,1,0,2330,503,504,NULL,NULL,NULL
233,60.01.06.00,WELFFARE EXPENSE,2390,3,6,NULL,NULL,NULL,NULL,NULL,NULL,1,0,2330,505,506,NULL,NULL,NULL
234,60.01.07.00,INSURANCE LIFE EXPENSE,2400,3,6,NULL,NULL,NULL,NULL,NULL,NULL,1,0,2330,507,508,NULL,NULL,NULL
235,60.01.08.00,Post- Retirement Benefits Expense,2410,3,6,NULL,NULL,NULL,NULL,NULL,NULL,1,0,2330,509,510,NULL,NULL,NULL
236,60.01.09.00,BONUS EXPENSE,2420,3,6,NULL,NULL,NULL,NULL,NULL,NULL,1,0,2330,511,512,NULL,NULL,NULL
237,60.01.10.00,MEDICAL EXPENSE,2430,3,6,NULL,NULL,NULL,NULL,NULL,NULL,1,0,2330,513,514,NULL,NULL,NULL
238,60.01.11.00,THT EXPENSE,2440,3,6,NULL,NULL,NULL,NULL,NULL,NULL,1,0,2330,515,516,NULL,NULL,NULL
239,60.01.12.00,MEAL AND HEALTY EXPENSE,2450,3,6,NULL,NULL,NULL,NULL,NULL,NULL,1,0,2330,517,518,NULL,NULL,NULL
240,60.01.13.00,OTHER ALLOWANCE EXPENSE,2460,3,6,NULL,NULL,NULL,NULL,NULL,NULL,1,0,2330,519,520,NULL,NULL,NULL
241,60.02.00.00,MARKETING EXPENSES,2470,2,6,NULL,NULL,NULL,61,1,NULL,1,0,2320,522,523,NULL,NULL,NULL
242,60.03.00.00,INSURANCE EXPENSE,2480,2,6,NULL,NULL,NULL,61,1,NULL,1,0,2320,524,525,NULL,NULL,NULL
243,60.04.00.00,SUPPLIES EXPENSES,2490,2,6,NULL,NULL,NULL,61,1,NULL,1,0,2320,526,527,NULL,NULL,NULL
244,60.05.00.00,RENT EXPENSE,2500,2,6,NULL,NULL,NULL,61,1,NULL,1,0,2320,528,529,NULL,NULL,NULL
245,60.06.00.00,UTILITY EXPENSE,2510,2,6,NULL,NULL,NULL,61,1,NULL,0,0,2320,530,549,NULL,NULL,NULL
246,60.06.01.00,ELECTRIC AND LIGHTING EXPENSE,2520,3,6,NULL,NULL,NULL,NULL,NULL,NULL,1,0,2510,531,532,NULL,NULL,NULL
247,60.06.02.00,PHONE, FAX EXPENSE,2530,3,6,NULL,NULL,NULL,NULL,NULL,NULL,1,0,2510,533,534,NULL,NULL,NULL
248,60.06.03.00,INTERNET EXPENSE,2540,3,6,NULL,NULL,NULL,NULL,NULL,NULL,1,0,2510,535,536,NULL,NULL,NULL
249,60.06.04.00,WATER PAM EXPENSE,2550,3,6,NULL,NULL,NULL,NULL,NULL,NULL,1,0,2510,537,538,NULL,NULL,NULL
250,60.06.05.00,SECURITY AND CLEANING BUILDING,2560,3,6,NULL,NULL,NULL,NULL,NULL,NULL,1,0,2510,539,540,NULL,NULL,NULL
251,60.06.06.00,GOODS PRINTED EXP ,2570,3,6,NULL,NULL,NULL,NULL,NULL,NULL,1,0,2510,541,542,NULL,NULL,NULL
252,60.06.07.00,PHOTOCOPY EXPENSE,2580,3,6,NULL,NULL,NULL,NULL,NULL,NULL,1,0,2510,543,544,NULL,NULL,NULL
253,60.06.08.00,MOBILE PHONE EXPENSE,2590,3,6,NULL,NULL,NULL,NULL,NULL,NULL,1,0,2510,545,546,NULL,NULL,NULL
254,60.06.09.00,CUSTOMER SERVICES EXPENSE,2600,3,6,NULL,NULL,NULL,NULL,NULL,NULL,1,0,2510,547,548,NULL,NULL,NULL
255,60.07.00.00,TRANSPORTATION EXPENSE - LOCAL ,2610,2,6,NULL,NULL,NULL,61,1,NULL,1,0,2320,550,551,NULL,NULL,NULL
256,60.08.00.00,TRANSPORTATION EXPENSE -  OVERSEA,2620,2,6,NULL,NULL,NULL,61,1,NULL,1,0,2320,552,553,NULL,NULL,NULL
257,60.09.00.00,PROFESSIONAL EXPENSE,2630,2,6,NULL,NULL,NULL,61,1,NULL,1,0,2320,554,555,NULL,NULL,NULL
258,60.10.00.00,STATIONARY G/A EXPENSE,2640,2,6,NULL,NULL,NULL,61,1,NULL,1,0,2320,556,557,NULL,NULL,NULL
259,60.11.00.00,NEWS PAPER, TABLOID AND MAGAZINE EXPENSE,2650,2,6,NULL,NULL,NULL,61,1,NULL,1,0,2320,558,559,NULL,NULL,NULL
260,60.12.00.00,SOCIAL FUND,2660,2,6,NULL,NULL,NULL,61,1,NULL,1,0,2320,560,561,NULL,NULL,NULL
261,60.13.00.00,UNIFORM EXPENSE,2670,2,6,NULL,NULL,NULL,61,1,NULL,1,0,2320,562,563,NULL,NULL,NULL
262,60.14.00.00,BAD DEBT EXPENSE - AR,2680,2,6,NULL,NULL,NULL,61,1,NULL,1,0,2320,564,565,NULL,NULL,NULL
263,60.15.00.00,CHARGE AND LATE FISCAL ,2690,2,6,NULL,NULL,NULL,61,1,NULL,1,0,2320,566,567,NULL,NULL,NULL
264,60.16.00.00,INTEREST INCOME TAX ART 23,2700,2,6,NULL,NULL,NULL,61,1,NULL,1,0,2320,568,569,NULL,NULL,NULL
265,60.17.00.00,PBB (FISCAL LAND AND BUILDING),2710,2,6,NULL,NULL,NULL,61,1,NULL,1,0,2320,570,571,NULL,NULL,NULL
266,60.18.00.00,PERMISSION EXPENSE ,2720,2,6,NULL,NULL,NULL,61,1,NULL,1,0,2320,572,573,NULL,NULL,NULL
267,60.19.00.00,DISTRIBUTION EXPENSE,2730,2,6,NULL,NULL,NULL,61,1,NULL,1,0,2320,574,575,NULL,NULL,NULL
268,60.20.00.00,MEETING EXPENSE,2740,2,6,NULL,NULL,NULL,61,1,NULL,1,0,2320,576,577,NULL,NULL,NULL
269,60.21.00.00,VEHICLE ADMINISTRATION,2750,2,6,NULL,NULL,NULL,61,1,NULL,1,0,2320,578,579,NULL,NULL,NULL
270,60.22.00.00,EMPLOYEE RECRUITMENT,2760,2,6,NULL,NULL,NULL,61,1,NULL,1,0,2320,580,581,NULL,NULL,NULL
271,60.23.00.00,APARTMENT EXPENSE,2770,2,6,NULL,NULL,NULL,61,1,NULL,1,0,2320,582,583,NULL,NULL,NULL
272,60.24.00.00,FEE CONSULTANT,2780,2,6,NULL,NULL,NULL,61,1,NULL,1,0,2320,584,585,NULL,NULL,NULL
273,60.25.00.00,MISCELLANEOUS EXP.,2790,2,6,NULL,NULL,NULL,61,1,NULL,1,0,2320,586,587,NULL,NULL,NULL
274,60.26.00.00,DEPRECIATION AND AMORTIZATION EXPENSE,2800,2,6,NULL,NULL,NULL,61,1,NULL,0,0,2320,588,617,NULL,NULL,NULL
275,60.26.01.00,DEPRECIATION EXPENSE OF BUILDING,2810,3,6,NULL,NULL,NULL,NULL,NULL,NULL,1,0,2800,589,590,NULL,NULL,NULL
276,60.26.02.00,DEPRECIATION EXPENSE OF OFFICE EQUIPMENT,2820,3,6,NULL,NULL,NULL,NULL,NULL,NULL,1,0,2800,591,592,NULL,NULL,NULL
277,60.26.03.00,DEPRECIATION EXPENSE OF PLANT EQUIPMENT,2830,3,6,NULL,NULL,NULL,NULL,NULL,NULL,1,0,2800,593,594,NULL,NULL,NULL
278,60.26.04.00,DEPRECIATION EXPENSE OF VEHICLE,2840,3,6,NULL,NULL,NULL,NULL,NULL,NULL,1,0,2800,595,596,NULL,NULL,NULL
279,60.26.05.00,DEPRECIATION EXPENSE OF COMPUTER,2850,3,6,NULL,NULL,NULL,NULL,NULL,NULL,1,0,2800,597,598,NULL,NULL,NULL
280,60.26.06.00,DEPRECIATION EXPENSE OF FURNITURE AND FIXTURE,2860,3,6,NULL,NULL,NULL,NULL,NULL,NULL,1,0,2800,599,600,NULL,NULL,NULL
281,60.26.07.00,DEPRECIATION EXPENSE OF MACHINE,2870,3,6,NULL,NULL,NULL,NULL,NULL,NULL,1,0,2800,601,602,NULL,NULL,NULL
282,60.26.08.00,AMORTIZATION EXPENSE OF SOFTWARE,2880,3,6,NULL,NULL,NULL,NULL,NULL,NULL,1,0,2800,603,604,NULL,NULL,NULL
283,60.26.09.00,AMORTIZATION EXPENSES OF TRADE MARK,2890,3,6,NULL,NULL,NULL,NULL,NULL,NULL,1,0,2800,605,606,NULL,NULL,NULL
284,60.26.10.00,AMORTIZATION EXPENSE OF COPY RIGHT,2900,3,6,NULL,NULL,NULL,NULL,NULL,NULL,1,0,2800,607,608,NULL,NULL,NULL
285,60.26.11.00,AMORTIZATION EXPENSE OF RENOVATED BUILDING,2910,3,6,NULL,NULL,NULL,NULL,NULL,NULL,1,0,2800,609,610,NULL,NULL,NULL
286,60.27.00.00,TRAINING AND COURSE EXPENSE,2920,2,6,NULL,NULL,NULL,61,1,NULL,1,0,2320,618,619,NULL,NULL,NULL
287,60.28.00.00,REPAIR AND MAINTENANCE EXPENSE,2930,2,6,NULL,NULL,NULL,61,1,NULL,0,0,2320,620,637,NULL,NULL,NULL
288,60.28.01.00,REPAIR AND MAINTENANCE EXP OF BUILDING,2940,3,6,NULL,NULL,NULL,NULL,NULL,NULL,1,0,2930,621,622,NULL,NULL,NULL
289,60.28.02.00,REPAIR AND MAINTENANCE EXP OF PLANT EQUIPMENT,2950,3,6,NULL,NULL,NULL,NULL,NULL,NULL,1,0,2930,623,624,NULL,NULL,NULL
290,60.28.03.00,REPAIR AND MAINTENANCE EXP OF OFFICE EQUIPMENT,2960,3,6,NULL,NULL,NULL,NULL,NULL,NULL,1,0,2930,625,626,NULL,NULL,NULL
291,60.28.04.00,REPAIR AND MAINTENANCE EXP OF VEHICLE,2970,3,6,NULL,NULL,NULL,NULL,NULL,NULL,1,0,2930,627,628,NULL,NULL,NULL
292,60.28.05.00,REPAIR AND MAINTENANCE EXP OF COMPUTER,2980,3,6,NULL,NULL,NULL,NULL,NULL,NULL,1,0,2930,629,630,NULL,NULL,NULL
293,60.28.06.00,REPAIR AND MAINTENANCE EXP OF FURNITURE AND FIXTURE,2990,3,6,NULL,NULL,NULL,NULL,NULL,NULL,1,0,2930,631,632,NULL,NULL,NULL
294,60.28.07.00,REPAIR AND MAINTENANCE EXP OF MACHINE,3000,3,6,NULL,NULL,NULL,NULL,NULL,NULL,1,0,2930,633,634,NULL,NULL,NULL
295,60.28.08.00,REPAIR AND MAINTENANCE EXP OF SOFWARE,3010,3,6,NULL,NULL,NULL,NULL,NULL,NULL,1,0,2930,635,636,NULL,NULL,NULL
296,70.00.00.00,OTHER INCOME AND EXPENSES,3020,1,7,NULL,NULL,NULL,70,NULL,NULL,0,0,0,639,666,NULL,NULL,NULL
297,70.01.00.00,OTHER EXPENSES,3030,2,7,NULL,NULL,NULL,NULL,NULL,NULL,0,0,3020,640,653,NULL,NULL,NULL
298,70.01.01.00,BANK ADM EXPENSE,3040,3,7,NULL,NULL,NULL,71,1,NULL,1,0,3030,641,642,NULL,NULL,NULL
299,70.01.02.00,INTEREST EXPENSE,3050,3,7,NULL,NULL,NULL,71,1,NULL,1,0,3030,643,644,NULL,NULL,NULL
300,70.01.03.00,PROVISION EXPENSE FOR INVENTORY OBSOLENCE,3060,3,7,NULL,NULL,NULL,71,1,NULL,1,0,3030,645,646,NULL,NULL,NULL
301,70.01.04.00,ALLOUNDING,3070,3,7,NULL,NULL,NULL,71,1,NULL,1,0,3030,647,648,NULL,NULL,NULL
302,70.01.05.00,DEFERRED TAX  EXPENSES,3080,3,7,NULL,NULL,NULL,71,1,NULL,1,0,3030,649,650,NULL,NULL,NULL
303,70.01.10.00,MISCELLANEOUS OTHER EXP,3090,3,7,NULL,NULL,NULL,71,1,NULL,1,0,3030,651,652,NULL,NULL,NULL
304,70.02.00.00,OTHER INCOME,3100,2,7,NULL,NULL,NULL,NULL,NULL,NULL,0,0,3020,654,665,NULL,NULL,NULL
305,70.02.01.00,DEVIDEN INCOME (SHARE GO PUBLIC),3110,3,7,NULL,NULL,NULL,72,1,NULL,1,0,3100,655,656,NULL,NULL,NULL
306,70.02.02.00,INTEREST INCOME (GIRO/REK KORAN, DEPOSITO),3120,3,7,NULL,NULL,NULL,72,1,NULL,1,0,3100,657,658,NULL,NULL,NULL
307,70.02.03.00,GAIN/LOSS CURRENCY,3130,3,7,NULL,NULL,NULL,72,1,NULL,1,0,3100,659,660,NULL,NULL,NULL
308,70.02.04.00,GAIN/LOSS DISPOSSAL F.A,3140,3,7,NULL,NULL,NULL,72,1,NULL,1,0,3100,661,662,NULL,NULL,NULL
309,70.02.05.00,MISCELLANEOUS OTHER INCOME,3150,3,7,NULL,NULL,NULL,72,1,NULL,1,0,3100,663,664,NULL,NULL,NULL
310,11.01.01.01,CASH IDR,50,5,1,NULL,NULL,NULL,NULL,NULL,NULL,1,1,40,5,6,NULL,NULL,NULL
311,11.01.01.02,CASH USD,60,5,1,NULL,NULL,NULL,NULL,NULL,NULL,1,1,40,7,8,NULL,NULL,NULL
312,11.01.02.01,MANDIRI,80,5,1,NULL,NULL,NULL,NULL,NULL,NULL,1,1,70,15,16,NULL,NULL,NULL
313,11.06.04.00,ADVANCED PURCHASE,370,4,1,NULL,NULL,NULL,NULL,NULL,NULL,1,1,330,76,77,NULL,NULL,NULL
314,11.06.05.00,DEPOSITS,380,4,1,NULL,NULL,NULL,NULL,NULL,NULL,0,1,330,78,83,NULL,NULL,NULL
315,11.01.02.02,BANGKOK BANK,90,5,1,NULL,NULL,NULL,NULL,NULL,NULL,1,1,70,17,18,NULL,NULL,NULL
316,11.07.02.08,PREPAID TAX,545,5,1,NULL,NULL,NULL,NULL,NULL,NULL,1,1,470,111,112,NULL,NULL,NULL
317,13.05.00.00,ASSET UNDER CONSTRUCTION,945,3,1,5,NULL,13,NULL,1,NULL,1,1,780,203,204,NULL,NULL,NULL
318,60.26.12.00,AMORTISATION EXPENSE OF COORPORATION DEED AND LISENCE,2911,3,6,NULL,NULL,NULL,NULL,NULL,NULL,1,0,2800,611,612,NULL,NULL,NULL
319,60.26.13.00,AMORTISATION EXPENSE OF PRA OPERATION,2912,3,6,NULL,NULL,NULL,NULL,NULL,NULL,1,0,2800,613,614,NULL,NULL,NULL
320,12.02.01.09,LEASING ASSET,695,5,1,NULL,NULL,NULL,NULL,NULL,NULL,1,1,610,147,148,NULL,NULL,NULL
321,12.02.02.09,ACC DEPRECIATION EXPENSE OF LEASING ASSET,775,5,1,NULL,NULL,NULL,NULL,NULL,NULL,1,1,700,165,166,NULL,NULL,NULL
322,50.03.26.09,DEPRECIATION EXPENSE OF LEASING ASSET,2215,4,5,NULL,NULL,NULL,NULL,NULL,NULL,1,1,2130,468,469,NULL,NULL,NULL
323,60.26.14.00,DEPRECIATION EXPENSE OF LEASING ASSET,2913,3,6,NULL,NULL,NULL,NULL,NULL,NULL,1,0,2800,615,616,NULL,NULL,NULL
324,50.01.03.00,TOOLING USAGE,1535,3,5,NULL,NULL,NULL,51,1,NULL,1,0,1510,325,326,NULL,NULL,NULL
325,11.01.01.03,CASH THB,61,5,1,NULL,NULL,NULL,NULL,NULL,NULL,1,1,40,9,10,NULL,NULL,NULL
326,11.07.02.09,WITHOLDING TAX RECEIVABLE (PPH 4(2)),546,5,1,NULL,NULL,NULL,NULL,NULL,NULL,1,1,470,113,114,NULL,NULL,NULL
327,11.01.02.03,BII,91,5,1,NULL,NULL,NULL,NULL,NULL,NULL,1,1,70,19,20,NULL,NULL,NULL
328,30.04.00.00,RETAINED EARNING CURRENT YEAR,1455,2,3,NULL,NULL,31,NULL,1,NULL,1,1,1400,308,309,NULL,NULL,NULL
329,11.01.01.04,CASH JPY,62,5,1,NULL,NULL,NULL,NULL,NULL,NULL,1,1,40,11,12,NULL,NULL,NULL
330,50.02.19.01,IMPORT EXPENSE,1791,4,5,NULL,NULL,NULL,NULL,NULL,NULL,1,0,1790,378,379,NULL,NULL,NULL
331,50.02.19.02,EXPORT EXPENSE,1792,4,5,NULL,NULL,NULL,NULL,NULL,NULL,1,0,1790,380,381,NULL,NULL,NULL
332,50.02.19.03,LOCAL EXPENSE,1793,4,5,NULL,NULL,NULL,NULL,NULL,NULL,1,0,1790,382,383,NULL,NULL,NULL
333,11.07.02.10,WITHOLDING TAX RECEIVABLE PPN,547,5,1,NULL,NULL,NULL,NULL,NULL,NULL,1,1,470,115,116,NULL,NULL,NULL
